Object Name,Field Name,Label,Type,Length,Precision,ByteLength,Digit,Relationship Name,isCalculated,isCustom,isDependentPicklist,isRestrictedPicklist,isExternalID,TreatNULLasZERO,isUnique,isSearchPrefilterable,getDefaultValue,Help Text,Formula,Picklist Values,QualifiedApiName,Description,DataType,IsCompactLayoutable,IsCompound,IsFieldHistoryTracked,IsHighScaleNumber,IsHtmlFormatted,IsIndexed,IsListFilterable,IsListSortable,IsListVisible,IsNillable,IsPolymorphicForeignKey,IsSearchPrefilterable,IsWorkflowFilterable,LastModifiedDate,NamespacePrefix
Account,Id,Account ID,ID,18,0,18,0,null,FALSE,FALSE,FALSE,FALSE,FALSE,FALSE,FALSE,FALSE,null,null,null,,Id,null,Lookup(),FALSE,FALSE,FALSE,FALSE,FALSE,TRUE,TRUE,TRUE,TRUE,FALSE,FALSE,FALSE,FALSE,null,null
Account,IsDeleted,Deleted,BOOLEAN,0,0,0,0,null,FALSE,FALSE,FALSE,FALSE,FALSE,FALSE,FALSE,FALSE,FALSE,null,null,,IsDeleted,null,Checkbox,FALSE,FALSE,FALSE,FALSE,FALSE,FALSE,TRUE,TRUE,TRUE,FALSE,FALSE,FALSE,FALSE,null,null
Account,MasterRecordId,Master Record ID,REFERENCE,18,0,18,0,MasterRecord,FALSE,FALSE,FALSE,FALSE,FALSE,FALSE,FALSE,FALSE,null,null,null,,MasterRecordId,null,Lookup(Account),FALSE,FALSE,FALSE,FALSE,FALSE,FALSE,TRUE,TRUE,TRUE,TRUE,FALSE,FALSE,FALSE,null,null
Account,Name,Account Name,STRING,255,0,765,0,null,FALSE,FALSE,FALSE,FALSE,FALSE,FALSE,FALSE,FALSE,null,null,null,,Name,null,Name,TRUE,TRUE,FALSE,FALSE,FALSE,TRUE,TRUE,TRUE,TRUE,FALSE,FALSE,FALSE,TRUE,null,null
Account,Type,Account Type,PICKLIST,255,0,765,0,null,FALSE,FALSE,FALSE,FALSE,FALSE,FALSE,FALSE,FALSE,null,null,null,Prospect | Customer - Direct | Customer - Channel | Channel Partner / Reseller | Installation Partner | Technology Partner | Other,Type,null,Picklist,TRUE,FALSE,FALSE,FALSE,FALSE,FALSE,TRUE,TRUE,TRUE,TRUE,FALSE,FALSE,TRUE,null,null
Account,ParentId,Parent Account ID,REFERENCE,18,0,18,0,Parent,FALSE,FALSE,FALSE,FALSE,FALSE,FALSE,FALSE,TRUE,null,null,null,,ParentId,null,Hierarchy,TRUE,FALSE,FALSE,FALSE,FALSE,TRUE,TRUE,TRUE,TRUE,TRUE,FALSE,TRUE,TRUE,null,null
Account,BillingStreet,Billing Street,TEXTAREA,255,0,765,0,null,FALSE,FALSE,FALSE,FALSE,FALSE,FALSE,FALSE,FALSE,null,null,null,,,,,,,,,,,,,,,,,,,
Account,BillingCity,Billing City,STRING,40,0,120,0,null,FALSE,FALSE,FALSE,FALSE,FALSE,FALSE,FALSE,FALSE,null,null,null,,,,,,,,,,,,,,,,,,,
Account,BillingState,Billing State/Province,STRING,80,0,240,0,null,FALSE,FALSE,FALSE,FALSE,FALSE,FALSE,FALSE,FALSE,null,null,null,,,,,,,,,,,,,,,,,,,
Account,BillingPostalCode,Billing Zip/Postal Code,STRING,20,0,60,0,null,FALSE,FALSE,FALSE,FALSE,FALSE,FALSE,FALSE,FALSE,null,null,null,,,,,,,,,,,,,,,,,,,
Account,BillingCountry,Billing Country,STRING,80,0,240,0,null,FALSE,FALSE,FALSE,FALSE,FALSE,FALSE,FALSE,FALSE,null,null,null,,,,,,,,,,,,,,,,,,,
Account,BillingLatitude,Billing Latitude,DOUBLE,0,18,0,0,null,FALSE,FALSE,FALSE,FALSE,FALSE,FALSE,FALSE,FALSE,null,null,null,,,,,,,,,,,,,,,,,,,
Account,BillingLongitude,Billing Longitude,DOUBLE,0,18,0,0,null,FALSE,FALSE,FALSE,FALSE,FALSE,FALSE,FALSE,FALSE,null,null,null,,,,,,,,,,,,,,,,,,,
Account,BillingGeocodeAccuracy,Billing Geocode Accuracy,PICKLIST,40,0,120,0,null,FALSE,FALSE,FALSE,TRUE,FALSE,FALSE,FALSE,FALSE,null,null,null,Address | NearAddress | Block | Street | ExtendedZip | Zip | Neighborhood | City | County | State | Unknown,,,,,,,,,,,,,,,,,,
Account,BillingAddress,Billing Address,ADDRESS,0,0,0,0,null,FALSE,FALSE,FALSE,FALSE,FALSE,FALSE,FALSE,FALSE,null,null,null,,BillingAddress,null,Address,TRUE,TRUE,FALSE,FALSE,FALSE,FALSE,TRUE,TRUE,TRUE,TRUE,FALSE,FALSE,TRUE,null,null
Account,ShippingStreet,Shipping Street,TEXTAREA,255,0,765,0,null,FALSE,FALSE,FALSE,FALSE,FALSE,FALSE,FALSE,FALSE,null,null,null,,,,,,,,,,,,,,,,,,,
Account,ShippingCity,Shipping City,STRING,40,0,120,0,null,FALSE,FALSE,FALSE,FALSE,FALSE,FALSE,FALSE,FALSE,null,null,null,,,,,,,,,,,,,,,,,,,
Account,ShippingState,Shipping State/Province,STRING,80,0,240,0,null,FALSE,FALSE,FALSE,FALSE,FALSE,FALSE,FALSE,FALSE,null,null,null,,,,,,,,,,,,,,,,,,,
Account,ShippingPostalCode,Shipping Zip/Postal Code,STRING,20,0,60,0,null,FALSE,FALSE,FALSE,FALSE,FALSE,FALSE,FALSE,FALSE,null,null,null,,,,,,,,,,,,,,,,,,,
Account,ShippingCountry,Shipping Country,STRING,80,0,240,0,null,FALSE,FALSE,FALSE,FALSE,FALSE,FALSE,FALSE,FALSE,null,null,null,,,,,,,,,,,,,,,,,,,
Account,ShippingLatitude,Shipping Latitude,DOUBLE,0,18,0,0,null,FALSE,FALSE,FALSE,FALSE,FALSE,FALSE,FALSE,FALSE,null,null,null,,,,,,,,,,,,,,,,,,,
Account,ShippingLongitude,Shipping Longitude,DOUBLE,0,18,0,0,null,FALSE,FALSE,FALSE,FALSE,FALSE,FALSE,FALSE,FALSE,null,null,null,,,,,,,,,,,,,,,,,,,
Account,ShippingGeocodeAccuracy,Shipping Geocode Accuracy,PICKLIST,40,0,120,0,null,FALSE,FALSE,FALSE,TRUE,FALSE,FALSE,FALSE,FALSE,null,null,null,Address | NearAddress | Block | Street | ExtendedZip | Zip | Neighborhood | City | County | State | Unknown,,,,,,,,,,,,,,,,,,
Account,ShippingAddress,Shipping Address,ADDRESS,0,0,0,0,null,FALSE,FALSE,FALSE,FALSE,FALSE,FALSE,FALSE,FALSE,null,null,null,,ShippingAddress,null,Address,TRUE,TRUE,FALSE,FALSE,FALSE,FALSE,TRUE,TRUE,TRUE,TRUE,FALSE,FALSE,TRUE,null,null
Account,Phone,Account Phone,PHONE,40,0,120,0,null,FALSE,FALSE,FALSE,FALSE,FALSE,FALSE,FALSE,FALSE,null,null,null,,Phone,null,Phone,TRUE,FALSE,FALSE,FALSE,FALSE,FALSE,TRUE,TRUE,TRUE,TRUE,FALSE,FALSE,TRUE,null,null
Account,Fax,Account Fax,PHONE,40,0,120,0,null,FALSE,FALSE,FALSE,FALSE,FALSE,FALSE,FALSE,FALSE,null,null,null,,Fax,null,Fax,TRUE,FALSE,FALSE,FALSE,FALSE,FALSE,TRUE,TRUE,TRUE,TRUE,FALSE,FALSE,TRUE,null,null
Account,AccountNumber,Account Number,STRING,40,0,120,0,null,FALSE,FALSE,FALSE,FALSE,FALSE,FALSE,FALSE,FALSE,null,null,null,,AccountNumber,null,Text(40),TRUE,FALSE,FALSE,FALSE,FALSE,FALSE,TRUE,TRUE,TRUE,TRUE,FALSE,FALSE,TRUE,null,null
Account,Website,Website,URL,255,0,765,0,null,FALSE,FALSE,FALSE,FALSE,FALSE,FALSE,FALSE,FALSE,null,null,null,,Website,null,URL(255),TRUE,FALSE,FALSE,FALSE,FALSE,FALSE,TRUE,TRUE,TRUE,TRUE,FALSE,FALSE,TRUE,null,null
Account,PhotoUrl,Photo URL,URL,255,0,765,0,null,FALSE,FALSE,FALSE,FALSE,FALSE,FALSE,FALSE,FALSE,null,null,null,,PhotoUrl,null,URL(255),FALSE,FALSE,FALSE,FALSE,FALSE,FALSE,TRUE,TRUE,TRUE,TRUE,FALSE,FALSE,FALSE,null,null
Account,Sic,SIC Code,STRING,20,0,60,0,null,FALSE,FALSE,FALSE,FALSE,FALSE,FALSE,FALSE,FALSE,null,null,null,,Sic,null,Text(20),TRUE,FALSE,FALSE,FALSE,FALSE,FALSE,TRUE,TRUE,TRUE,TRUE,FALSE,FALSE,TRUE,null,null
Account,Industry,Industry,PICKLIST,255,0,765,0,null,FALSE,FALSE,FALSE,FALSE,FALSE,FALSE,FALSE,FALSE,null,null,null,Agriculture | Apparel | Banking | Biotechnology | Chemicals | Communications | Construction | Consulting | Education | Electronics | Energy | Engineering | Entertainment | Environmental | Finance | Food & Beverage | Government | Healthcare | Hospitality | Insurance | Machinery | Manufacturing | Media | Not For Profit | Recreation | Retail | Shipping | Technology | Telecommunications | Transportation | Utilities | Other,Industry,null,Picklist,TRUE,FALSE,FALSE,FALSE,FALSE,FALSE,TRUE,TRUE,TRUE,TRUE,FALSE,FALSE,TRUE,null,null
Account,AnnualRevenue,Annual Revenue,CURRENCY,0,18,0,0,null,FALSE,FALSE,FALSE,FALSE,FALSE,FALSE,FALSE,FALSE,null,null,null,,AnnualRevenue,null,Currency(180),TRUE,FALSE,FALSE,FALSE,FALSE,FALSE,TRUE,TRUE,TRUE,TRUE,FALSE,FALSE,TRUE,null,null
Account,NumberOfEmployees,Employees,INTEGER,0,0,0,8,null,FALSE,FALSE,FALSE,FALSE,FALSE,FALSE,FALSE,FALSE,null,null,null,,NumberOfEmployees,null,Number(80),TRUE,FALSE,FALSE,FALSE,FALSE,FALSE,TRUE,TRUE,TRUE,TRUE,FALSE,FALSE,TRUE,null,null
Account,Ownership,Ownership,PICKLIST,255,0,765,0,null,FALSE,FALSE,FALSE,FALSE,FALSE,FALSE,FALSE,FALSE,null,null,null,Public | Private | Subsidiary | Other,Ownership,null,Picklist,TRUE,FALSE,FALSE,FALSE,FALSE,FALSE,TRUE,TRUE,TRUE,TRUE,FALSE,FALSE,TRUE,null,null
Account,TickerSymbol,Ticker Symbol,STRING,20,0,60,0,null,FALSE,FALSE,FALSE,FALSE,FALSE,FALSE,FALSE,FALSE,null,null,null,,TickerSymbol,null,Content(20),TRUE,FALSE,FALSE,FALSE,FALSE,FALSE,TRUE,TRUE,TRUE,TRUE,FALSE,FALSE,TRUE,null,null
Account,Description,Account Description,TEXTAREA,32000,0,96000,0,null,FALSE,FALSE,FALSE,FALSE,FALSE,FALSE,FALSE,FALSE,null,null,null,,Description,null,LongTextArea(32000),FALSE,FALSE,FALSE,FALSE,FALSE,FALSE,FALSE,TRUE,TRUE,TRUE,FALSE,FALSE,TRUE,null,null
Account,Rating,Account Rating,PICKLIST,255,0,765,0,null,FALSE,FALSE,FALSE,FALSE,FALSE,FALSE,FALSE,FALSE,null,null,null,Hot | Warm | Cold,Rating,null,Picklist,TRUE,FALSE,FALSE,FALSE,FALSE,FALSE,TRUE,TRUE,TRUE,TRUE,FALSE,FALSE,TRUE,null,null
Account,Site,Account Site,STRING,80,0,240,0,null,FALSE,FALSE,FALSE,FALSE,FALSE,FALSE,FALSE,FALSE,null,null,null,,Site,null,Text(80),TRUE,FALSE,FALSE,FALSE,FALSE,FALSE,TRUE,TRUE,TRUE,TRUE,FALSE,FALSE,TRUE,null,null
Account,OwnerId,Owner ID,REFERENCE,18,0,18,0,Owner,FALSE,FALSE,FALSE,FALSE,FALSE,FALSE,FALSE,FALSE,null,null,null,,OwnerId,null,Lookup(User),TRUE,FALSE,FALSE,FALSE,FALSE,TRUE,TRUE,TRUE,TRUE,FALSE,FALSE,FALSE,TRUE,null,null
Account,CreatedDate,Created Date,DATETIME,0,0,0,0,null,FALSE,FALSE,FALSE,FALSE,FALSE,FALSE,FALSE,FALSE,null,null,null,,CreatedDate,null,Date/Time,FALSE,FALSE,FALSE,FALSE,FALSE,TRUE,TRUE,TRUE,TRUE,FALSE,FALSE,FALSE,TRUE,null,null
Account,CreatedById,Created By ID,REFERENCE,18,0,18,0,CreatedBy,FALSE,FALSE,FALSE,FALSE,FALSE,FALSE,FALSE,FALSE,null,null,null,,CreatedById,null,Lookup(User),TRUE,FALSE,FALSE,FALSE,FALSE,FALSE,TRUE,TRUE,TRUE,FALSE,FALSE,FALSE,TRUE,null,null
Account,LastModifiedDate,Last Modified Date,DATETIME,0,0,0,0,null,FALSE,FALSE,FALSE,FALSE,FALSE,FALSE,FALSE,FALSE,null,null,null,,LastModifiedDate,null,Date/Time,FALSE,FALSE,FALSE,FALSE,FALSE,FALSE,TRUE,TRUE,TRUE,FALSE,FALSE,FALSE,TRUE,null,null
Account,LastModifiedById,Last Modified By ID,REFERENCE,18,0,18,0,LastModifiedBy,FALSE,FALSE,FALSE,FALSE,FALSE,FALSE,FALSE,FALSE,null,null,null,,LastModifiedById,null,Lookup(User),TRUE,FALSE,FALSE,FALSE,FALSE,FALSE,TRUE,TRUE,TRUE,FALSE,FALSE,FALSE,TRUE,null,null
Account,SystemModstamp,System Modstamp,DATETIME,0,0,0,0,null,FALSE,FALSE,FALSE,FALSE,FALSE,FALSE,FALSE,FALSE,null,null,null,,SystemModstamp,null,Date/Time,FALSE,FALSE,FALSE,FALSE,FALSE,TRUE,TRUE,TRUE,TRUE,FALSE,FALSE,FALSE,FALSE,null,null
Account,LastActivityDate,Last Activity,DATE,0,0,0,0,null,FALSE,FALSE,FALSE,FALSE,FALSE,FALSE,FALSE,FALSE,null,null,null,,LastActivityDate,null,Date,FALSE,FALSE,FALSE,FALSE,FALSE,FALSE,TRUE,TRUE,TRUE,TRUE,FALSE,FALSE,FALSE,null,null
Account,LastViewedDate,Last Viewed Date,DATETIME,0,0,0,0,null,FALSE,FALSE,FALSE,FALSE,FALSE,FALSE,FALSE,FALSE,null,null,null,,LastViewedDate,null,Date/Time,FALSE,FALSE,FALSE,FALSE,FALSE,FALSE,TRUE,TRUE,TRUE,TRUE,FALSE,FALSE,FALSE,null,null
Account,LastReferencedDate,Last Referenced Date,DATETIME,0,0,0,0,null,FALSE,FALSE,FALSE,FALSE,FALSE,FALSE,FALSE,FALSE,null,null,null,,LastReferencedDate,null,Date/Time,FALSE,FALSE,FALSE,FALSE,FALSE,FALSE,TRUE,TRUE,TRUE,TRUE,FALSE,FALSE,FALSE,null,null
Account,IsPartner,Partner Account,BOOLEAN,0,0,0,0,null,FALSE,FALSE,FALSE,FALSE,FALSE,FALSE,FALSE,FALSE,FALSE,null,null,,IsPartner,null,Checkbox,TRUE,FALSE,FALSE,FALSE,FALSE,FALSE,TRUE,TRUE,TRUE,FALSE,FALSE,FALSE,TRUE,null,null
Account,IsCustomerPortal,Customer Portal Account,BOOLEAN,0,0,0,0,null,FALSE,FALSE,FALSE,FALSE,FALSE,FALSE,FALSE,FALSE,FALSE,null,null,,IsCustomerPortal,null,Checkbox,TRUE,FALSE,FALSE,FALSE,FALSE,FALSE,TRUE,TRUE,TRUE,FALSE,FALSE,FALSE,TRUE,null,null
Account,ChannelProgramName,Channel Program Name,STRING,255,0,765,0,null,FALSE,FALSE,FALSE,FALSE,FALSE,FALSE,FALSE,FALSE,null,null,null,,ChannelProgramName,null,Text(255),TRUE,FALSE,FALSE,FALSE,FALSE,FALSE,TRUE,TRUE,TRUE,TRUE,FALSE,FALSE,FALSE,null,null
Account,ChannelProgramLevelName,Channel Program Level Name,STRING,255,0,765,0,null,FALSE,FALSE,FALSE,FALSE,FALSE,FALSE,FALSE,FALSE,null,null,null,,ChannelProgramLevelName,null,Text(255),TRUE,FALSE,FALSE,FALSE,FALSE,FALSE,TRUE,TRUE,TRUE,TRUE,FALSE,FALSE,FALSE,null,null
Account,Jigsaw,Data.com Key,STRING,20,0,60,0,null,FALSE,FALSE,FALSE,FALSE,FALSE,FALSE,FALSE,FALSE,null,null,null,,Jigsaw,null,Text(20),TRUE,FALSE,FALSE,FALSE,FALSE,FALSE,TRUE,TRUE,TRUE,TRUE,FALSE,FALSE,TRUE,null,null
Account,JigsawCompanyId,Jigsaw Company ID,STRING,20,0,60,0,JigsawCompany,FALSE,FALSE,FALSE,FALSE,FALSE,FALSE,FALSE,FALSE,null,null,null,,JigsawCompanyId,null,ExternalLookup,FALSE,FALSE,FALSE,FALSE,FALSE,TRUE,TRUE,TRUE,TRUE,TRUE,FALSE,FALSE,FALSE,null,null
Account,CleanStatus,Clean Status,PICKLIST,40,0,120,0,null,FALSE,FALSE,FALSE,TRUE,FALSE,FALSE,FALSE,FALSE,null,null,null,In Sync | Different | Reviewed | Not Found | Inactive | Not Compared | Select Match | Skipped,CleanStatus,null,Picklist,TRUE,FALSE,FALSE,FALSE,FALSE,TRUE,TRUE,TRUE,TRUE,TRUE,FALSE,FALSE,TRUE,null,null
Account,AccountSource,Account Source,PICKLIST,255,0,765,0,null,FALSE,FALSE,FALSE,FALSE,FALSE,FALSE,FALSE,FALSE,null,null,null,Web | Phone Inquiry | Partner Referral | Purchased List | Other,AccountSource,null,Picklist,TRUE,FALSE,FALSE,FALSE,FALSE,FALSE,TRUE,TRUE,TRUE,TRUE,FALSE,FALSE,TRUE,null,null
Account,DunsNumber,D-U-N-S Number,STRING,9,0,27,0,null,FALSE,FALSE,FALSE,FALSE,FALSE,FALSE,FALSE,FALSE,null,null,null,,DunsNumber,null,Text(9),TRUE,FALSE,FALSE,FALSE,FALSE,FALSE,TRUE,TRUE,TRUE,TRUE,FALSE,FALSE,TRUE,null,null
Account,Tradestyle,Tradestyle,STRING,255,0,765,0,null,FALSE,FALSE,FALSE,FALSE,FALSE,FALSE,FALSE,FALSE,null,null,null,,Tradestyle,null,Text(255),TRUE,FALSE,FALSE,FALSE,FALSE,FALSE,TRUE,TRUE,TRUE,TRUE,FALSE,FALSE,TRUE,null,null
Account,NaicsCode,NAICS Code,STRING,8,0,24,0,null,FALSE,FALSE,FALSE,FALSE,FALSE,FALSE,FALSE,FALSE,null,null,null,,NaicsCode,null,Text(8),TRUE,FALSE,FALSE,FALSE,FALSE,FALSE,TRUE,TRUE,TRUE,TRUE,FALSE,FALSE,TRUE,null,null
Account,NaicsDesc,NAICS Description,STRING,120,0,360,0,null,FALSE,FALSE,FALSE,FALSE,FALSE,FALSE,FALSE,FALSE,null,null,null,,NaicsDesc,null,Text(120),TRUE,FALSE,FALSE,FALSE,FALSE,FALSE,TRUE,TRUE,TRUE,TRUE,FALSE,FALSE,TRUE,null,null
Account,YearStarted,Year Started,STRING,4,0,12,0,null,FALSE,FALSE,FALSE,FALSE,FALSE,FALSE,FALSE,FALSE,null,null,null,,YearStarted,null,Text(4),TRUE,FALSE,FALSE,FALSE,FALSE,FALSE,TRUE,TRUE,TRUE,TRUE,FALSE,FALSE,TRUE,null,null
Account,SicDesc,SIC Description,STRING,80,0,240,0,null,FALSE,FALSE,FALSE,FALSE,FALSE,FALSE,FALSE,FALSE,null,null,null,,SicDesc,null,Text(80),TRUE,FALSE,FALSE,FALSE,FALSE,FALSE,TRUE,TRUE,TRUE,TRUE,FALSE,FALSE,TRUE,null,null
Account,DandbCompanyId,D&B Company ID,REFERENCE,18,0,18,0,DandbCompany,FALSE,FALSE,FALSE,FALSE,FALSE,FALSE,FALSE,TRUE,null,null,null,,DandbCompanyId,null,Lookup(D&BCompany),TRUE,FALSE,FALSE,FALSE,FALSE,TRUE,TRUE,TRUE,TRUE,TRUE,FALSE,TRUE,FALSE,null,null
Account,OperatingHoursId,Operating Hour ID,REFERENCE,18,0,18,0,OperatingHours,FALSE,FALSE,FALSE,FALSE,FALSE,FALSE,FALSE,TRUE,null,null,null,,OperatingHoursId,null,Lookup(OperatingHours),TRUE,FALSE,FALSE,FALSE,FALSE,TRUE,TRUE,TRUE,TRUE,TRUE,FALSE,TRUE,TRUE,null,null
Account,CustomerPriority__c,Customer Priority,PICKLIST,255,0,765,0,null,FALSE,TRUE,FALSE,FALSE,FALSE,FALSE,FALSE,FALSE,null,null,null,High | Low | Medium,CustomerPriority__c,null,Picklist,TRUE,FALSE,FALSE,FALSE,FALSE,FALSE,TRUE,TRUE,TRUE,TRUE,FALSE,FALSE,TRUE,2021-03-13 01:43:44,null
Account,SLA__c,SLA,PICKLIST,255,0,765,0,null,FALSE,TRUE,FALSE,FALSE,FALSE,FALSE,FALSE,FALSE,null,null,null,Gold | Silver | Platinum | Bronze,SLA__c,null,Picklist,TRUE,FALSE,FALSE,FALSE,FALSE,FALSE,TRUE,TRUE,TRUE,TRUE,FALSE,FALSE,TRUE,2021-03-13 01:43:44,null
Account,Active__c,Active,PICKLIST,255,0,765,0,null,FALSE,TRUE,FALSE,FALSE,FALSE,FALSE,FALSE,FALSE,null,null,null,No | Yes,Active__c,null,Picklist,TRUE,FALSE,FALSE,FALSE,FALSE,FALSE,TRUE,TRUE,TRUE,TRUE,FALSE,FALSE,TRUE,2021-03-13 01:43:44,null
Account,NumberofLocations__c,Number of Locations,DOUBLE,0,3,0,0,null,FALSE,TRUE,FALSE,FALSE,FALSE,FALSE,FALSE,FALSE,null,null,null,,NumberofLocations__c,null,Number(30),TRUE,FALSE,FALSE,FALSE,FALSE,FALSE,TRUE,TRUE,TRUE,TRUE,FALSE,FALSE,TRUE,2021-03-13 01:43:44,null
Account,UpsellOpportunity__c,Upsell Opportunity,PICKLIST,255,0,765,0,null,FALSE,TRUE,FALSE,FALSE,FALSE,FALSE,FALSE,FALSE,null,null,null,Maybe | No | Yes,UpsellOpportunity__c,null,Picklist,TRUE,FALSE,FALSE,FALSE,FALSE,FALSE,TRUE,TRUE,TRUE,TRUE,FALSE,FALSE,TRUE,2021-03-13 01:43:44,null
Account,SLASerialNumber__c,SLA Serial Number,STRING,10,0,30,0,null,FALSE,TRUE,FALSE,FALSE,FALSE,FALSE,FALSE,FALSE,null,null,null,,SLASerialNumber__c,null,Text(10),TRUE,FALSE,FALSE,FALSE,FALSE,FALSE,TRUE,TRUE,TRUE,TRUE,FALSE,FALSE,TRUE,2021-03-13 01:43:44,null
Account,SLAExpirationDate__c,SLA Expiration Date,DATE,0,0,0,0,null,FALSE,TRUE,FALSE,FALSE,FALSE,FALSE,FALSE,FALSE,null,null,null,,SLAExpirationDate__c,null,Date,TRUE,FALSE,FALSE,FALSE,FALSE,FALSE,TRUE,TRUE,TRUE,TRUE,FALSE,FALSE,TRUE,2021-03-13 01:43:44,null
Account,Support_Tier__c,Support Tier,PICKLIST,255,0,765,0,null,FALSE,TRUE,FALSE,TRUE,FALSE,FALSE,FALSE,FALSE,null,null,null,Bronze | Silver | Gold,Support_Tier__c,null,Picklist,TRUE,FALSE,FALSE,FALSE,FALSE,FALSE,TRUE,TRUE,TRUE,FALSE,FALSE,FALSE,TRUE,2021-08-07 23:09:08,null
Account,Total_Spending__c,Total Spending,CURRENCY,0,18,0,0,null,TRUE,TRUE,FALSE,FALSE,FALSE,FALSE,FALSE,FALSE,null,null,null,,Total_Spending__c,null,Roll-UpSummary(SUMOpportunity),TRUE,FALSE,FALSE,FALSE,FALSE,FALSE,TRUE,TRUE,TRUE,TRUE,FALSE,FALSE,TRUE,2021-08-07 23:10:52,null
Account,Amount_Until_Next_Tier__c,Amount Until Next Tier,CURRENCY,0,18,0,0,null,TRUE,TRUE,FALSE,FALSE,FALSE,TRUE,FALSE,FALSE,null,null,IF(Total_Spending__c<$CustomMetadata.Support_Tier__mdt.Bronze.Minimum_Spending__c$CustomMetadata.Support_Tier__mdt.Bronze.Minimum_Spending__c-Total_Spending__cIF(Total_Spending__c<$CustomMetadata.Support_Tier__mdt.Silver.Minimum_Spending__c$CustomMetadata.Support_Tier__mdt.Silver.Minimum_Spending__c-Total_Spending__cIF(Total_Spending__c<$CustomMetadata.Support_Tier__mdt.Gold.Minimum_Spending__c$CustomMetadata.Support_Tier__mdt.Gold.Minimum_Spending__c-Total_Spending__c0))),,Amount_Until_Next_Tier__c,null,Formula(Currency),TRUE,FALSE,FALSE,FALSE,FALSE,FALSE,TRUE,TRUE,TRUE,TRUE,FALSE,FALSE,TRUE,2021-08-07 23:24:48,null
Contact,Id,Contact ID,ID,18,0,18,0,null,FALSE,FALSE,FALSE,FALSE,FALSE,FALSE,FALSE,FALSE,null,null,null,,Id,null,Lookup(),FALSE,FALSE,FALSE,FALSE,FALSE,TRUE,TRUE,TRUE,TRUE,FALSE,FALSE,FALSE,FALSE,null,null
Contact,IsDeleted,Deleted,BOOLEAN,0,0,0,0,null,FALSE,FALSE,FALSE,FALSE,FALSE,FALSE,FALSE,FALSE,FALSE,null,null,,IsDeleted,null,Checkbox,FALSE,FALSE,FALSE,FALSE,FALSE,FALSE,TRUE,TRUE,TRUE,FALSE,FALSE,FALSE,FALSE,null,null
Contact,MasterRecordId,Master Record ID,REFERENCE,18,0,18,0,MasterRecord,FALSE,FALSE,FALSE,FALSE,FALSE,FALSE,FALSE,FALSE,null,null,null,,MasterRecordId,null,Lookup(Contact),FALSE,FALSE,FALSE,FALSE,FALSE,FALSE,TRUE,TRUE,TRUE,TRUE,FALSE,FALSE,FALSE,null,null
Contact,AccountId,Account ID,REFERENCE,18,0,18,0,Account,FALSE,FALSE,FALSE,FALSE,FALSE,FALSE,FALSE,TRUE,null,null,null,,AccountId,null,Lookup(Account),TRUE,FALSE,FALSE,FALSE,FALSE,TRUE,TRUE,TRUE,TRUE,TRUE,FALSE,TRUE,FALSE,null,null
Contact,LastName,Last Name,STRING,80,0,240,0,null,FALSE,FALSE,FALSE,FALSE,FALSE,FALSE,FALSE,FALSE,null,null,null,,,,,,,,,,,,,,,,,,,
Contact,FirstName,First Name,STRING,40,0,120,0,null,FALSE,FALSE,FALSE,FALSE,FALSE,FALSE,FALSE,FALSE,null,null,null,,,,,,,,,,,,,,,,,,,
Contact,Salutation,Salutation,PICKLIST,40,0,120,0,null,FALSE,FALSE,FALSE,FALSE,FALSE,FALSE,FALSE,FALSE,null,null,null,Mr. | Ms. | Mrs. | Dr. | Prof.,,,,,,,,,,,,,,,,,,
Contact,Name,Full Name,STRING,121,0,363,0,null,FALSE,FALSE,FALSE,FALSE,FALSE,FALSE,FALSE,FALSE,null,null,null,,Name,null,Name,TRUE,TRUE,FALSE,FALSE,FALSE,TRUE,TRUE,TRUE,TRUE,FALSE,FALSE,FALSE,TRUE,null,null
Contact,OtherStreet,Other Street,TEXTAREA,255,0,765,0,null,FALSE,FALSE,FALSE,FALSE,FALSE,FALSE,FALSE,FALSE,null,null,null,,,,,,,,,,,,,,,,,,,
Contact,OtherCity,Other City,STRING,40,0,120,0,null,FALSE,FALSE,FALSE,FALSE,FALSE,FALSE,FALSE,FALSE,null,null,null,,,,,,,,,,,,,,,,,,,
Contact,OtherState,Other State/Province,STRING,80,0,240,0,null,FALSE,FALSE,FALSE,FALSE,FALSE,FALSE,FALSE,FALSE,null,null,null,,,,,,,,,,,,,,,,,,,
Contact,OtherPostalCode,Other Zip/Postal Code,STRING,20,0,60,0,null,FALSE,FALSE,FALSE,FALSE,FALSE,FALSE,FALSE,FALSE,null,null,null,,,,,,,,,,,,,,,,,,,
Contact,OtherCountry,Other Country,STRING,80,0,240,0,null,FALSE,FALSE,FALSE,FALSE,FALSE,FALSE,FALSE,FALSE,null,null,null,,,,,,,,,,,,,,,,,,,
Contact,OtherLatitude,Other Latitude,DOUBLE,0,18,0,0,null,FALSE,FALSE,FALSE,FALSE,FALSE,FALSE,FALSE,FALSE,null,null,null,,,,,,,,,,,,,,,,,,,
Contact,OtherLongitude,Other Longitude,DOUBLE,0,18,0,0,null,FALSE,FALSE,FALSE,FALSE,FALSE,FALSE,FALSE,FALSE,null,null,null,,,,,,,,,,,,,,,,,,,
Contact,OtherGeocodeAccuracy,Other Geocode Accuracy,PICKLIST,40,0,120,0,null,FALSE,FALSE,FALSE,TRUE,FALSE,FALSE,FALSE,FALSE,null,null,null,Address | NearAddress | Block | Street | ExtendedZip | Zip | Neighborhood | City | County | State | Unknown,,,,,,,,,,,,,,,,,,
Contact,OtherAddress,Other Address,ADDRESS,0,0,0,0,null,FALSE,FALSE,FALSE,FALSE,FALSE,FALSE,FALSE,FALSE,null,null,null,,OtherAddress,null,Address,TRUE,TRUE,FALSE,FALSE,FALSE,FALSE,TRUE,TRUE,TRUE,TRUE,FALSE,FALSE,TRUE,null,null
Contact,MailingStreet,Mailing Street,TEXTAREA,255,0,765,0,null,FALSE,FALSE,FALSE,FALSE,FALSE,FALSE,FALSE,FALSE,null,null,null,,,,,,,,,,,,,,,,,,,
Contact,MailingCity,Mailing City,STRING,40,0,120,0,null,FALSE,FALSE,FALSE,FALSE,FALSE,FALSE,FALSE,FALSE,null,null,null,,,,,,,,,,,,,,,,,,,
Contact,MailingState,Mailing State/Province,STRING,80,0,240,0,null,FALSE,FALSE,FALSE,FALSE,FALSE,FALSE,FALSE,FALSE,null,null,null,,,,,,,,,,,,,,,,,,,
Contact,MailingPostalCode,Mailing Zip/Postal Code,STRING,20,0,60,0,null,FALSE,FALSE,FALSE,FALSE,FALSE,FALSE,FALSE,FALSE,null,null,null,,,,,,,,,,,,,,,,,,,
Contact,MailingCountry,Mailing Country,STRING,80,0,240,0,null,FALSE,FALSE,FALSE,FALSE,FALSE,FALSE,FALSE,FALSE,null,null,null,,,,,,,,,,,,,,,,,,,
Contact,MailingLatitude,Mailing Latitude,DOUBLE,0,18,0,0,null,FALSE,FALSE,FALSE,FALSE,FALSE,FALSE,FALSE,FALSE,null,null,null,,,,,,,,,,,,,,,,,,,
Contact,MailingLongitude,Mailing Longitude,DOUBLE,0,18,0,0,null,FALSE,FALSE,FALSE,FALSE,FALSE,FALSE,FALSE,FALSE,null,null,null,,,,,,,,,,,,,,,,,,,
Contact,MailingGeocodeAccuracy,Mailing Geocode Accuracy,PICKLIST,40,0,120,0,null,FALSE,FALSE,FALSE,TRUE,FALSE,FALSE,FALSE,FALSE,null,null,null,Address | NearAddress | Block | Street | ExtendedZip | Zip | Neighborhood | City | County | State | Unknown,,,,,,,,,,,,,,,,,,
Contact,MailingAddress,Mailing Address,ADDRESS,0,0,0,0,null,FALSE,FALSE,FALSE,FALSE,FALSE,FALSE,FALSE,FALSE,null,null,null,,MailingAddress,null,Address,TRUE,TRUE,FALSE,FALSE,FALSE,FALSE,TRUE,TRUE,TRUE,TRUE,FALSE,FALSE,TRUE,null,null
Contact,Phone,Business Phone,PHONE,40,0,120,0,null,FALSE,FALSE,FALSE,FALSE,FALSE,FALSE,FALSE,FALSE,null,null,null,,Phone,null,Phone,TRUE,FALSE,FALSE,FALSE,FALSE,FALSE,TRUE,TRUE,TRUE,TRUE,FALSE,FALSE,TRUE,null,null
Contact,Fax,Business Fax,PHONE,40,0,120,0,null,FALSE,FALSE,FALSE,FALSE,FALSE,FALSE,FALSE,FALSE,null,null,null,,Fax,null,Fax,TRUE,FALSE,FALSE,FALSE,FALSE,FALSE,TRUE,TRUE,TRUE,TRUE,FALSE,FALSE,TRUE,null,null
Contact,MobilePhone,Mobile Phone,PHONE,40,0,120,0,null,FALSE,FALSE,FALSE,FALSE,FALSE,FALSE,FALSE,FALSE,null,null,null,,MobilePhone,null,Phone,TRUE,FALSE,FALSE,FALSE,FALSE,FALSE,TRUE,TRUE,TRUE,TRUE,FALSE,FALSE,TRUE,null,null
Contact,HomePhone,Home Phone,PHONE,40,0,120,0,null,FALSE,FALSE,FALSE,FALSE,FALSE,FALSE,FALSE,FALSE,null,null,null,,HomePhone,null,Phone,TRUE,FALSE,FALSE,FALSE,FALSE,FALSE,TRUE,TRUE,TRUE,TRUE,FALSE,FALSE,TRUE,null,null
Contact,OtherPhone,Other Phone,PHONE,40,0,120,0,null,FALSE,FALSE,FALSE,FALSE,FALSE,FALSE,FALSE,FALSE,null,null,null,,OtherPhone,null,Phone,TRUE,FALSE,FALSE,FALSE,FALSE,FALSE,TRUE,TRUE,TRUE,TRUE,FALSE,FALSE,TRUE,null,null
Contact,AssistantPhone,Asst. Phone,PHONE,40,0,120,0,null,FALSE,FALSE,FALSE,FALSE,FALSE,FALSE,FALSE,FALSE,null,null,null,,AssistantPhone,null,Phone,TRUE,FALSE,FALSE,FALSE,FALSE,FALSE,TRUE,TRUE,TRUE,TRUE,FALSE,FALSE,TRUE,null,null
Contact,ReportsToId,Reports To ID,REFERENCE,18,0,18,0,ReportsTo,FALSE,FALSE,FALSE,FALSE,FALSE,FALSE,FALSE,TRUE,null,null,null,,ReportsToId,null,Lookup(Contact),TRUE,FALSE,FALSE,FALSE,FALSE,TRUE,TRUE,TRUE,TRUE,TRUE,FALSE,TRUE,TRUE,null,null
Contact,Email,Email,EMAIL,80,0,240,0,null,FALSE,FALSE,FALSE,FALSE,FALSE,FALSE,FALSE,FALSE,null,null,null,,Email,null,Email,TRUE,FALSE,FALSE,FALSE,FALSE,TRUE,TRUE,TRUE,TRUE,TRUE,FALSE,FALSE,TRUE,null,null
Contact,Title,Title,STRING,128,0,384,0,null,FALSE,FALSE,FALSE,FALSE,FALSE,FALSE,FALSE,FALSE,null,null,null,,Title,null,Text(128),TRUE,FALSE,FALSE,FALSE,FALSE,FALSE,TRUE,TRUE,TRUE,TRUE,FALSE,FALSE,TRUE,null,null
Contact,Department,Department,STRING,80,0,240,0,null,FALSE,FALSE,FALSE,FALSE,FALSE,FALSE,FALSE,FALSE,null,null,null,,Department,null,Text(80),TRUE,FALSE,FALSE,FALSE,FALSE,FALSE,TRUE,TRUE,TRUE,TRUE,FALSE,FALSE,TRUE,null,null
Contact,AssistantName,Assistant's Name,STRING,40,0,120,0,null,FALSE,FALSE,FALSE,FALSE,FALSE,FALSE,FALSE,FALSE,null,null,null,,AssistantName,null,Text(40),TRUE,FALSE,FALSE,FALSE,FALSE,FALSE,TRUE,TRUE,TRUE,TRUE,FALSE,FALSE,TRUE,null,null
Contact,LeadSource,Lead Source,PICKLIST,255,0,765,0,null,FALSE,FALSE,FALSE,FALSE,FALSE,FALSE,FALSE,FALSE,null,null,null,Web | Phone Inquiry | Partner Referral | Purchased List | Other,LeadSource,null,Picklist,TRUE,FALSE,FALSE,FALSE,FALSE,FALSE,TRUE,TRUE,TRUE,TRUE,FALSE,FALSE,TRUE,null,null
Contact,Birthdate,Birthdate,DATE,0,0,0,0,null,FALSE,FALSE,FALSE,FALSE,FALSE,FALSE,FALSE,FALSE,null,null,null,,Birthdate,null,Date,TRUE,FALSE,FALSE,FALSE,FALSE,FALSE,TRUE,TRUE,TRUE,TRUE,FALSE,FALSE,TRUE,null,null
Contact,Description,Contact Description,TEXTAREA,32000,0,96000,0,null,FALSE,FALSE,FALSE,FALSE,FALSE,FALSE,FALSE,FALSE,null,null,null,,Description,null,LongTextArea(32000),FALSE,FALSE,FALSE,FALSE,FALSE,FALSE,FALSE,TRUE,TRUE,TRUE,FALSE,FALSE,TRUE,null,null
Contact,OwnerId,Owner ID,REFERENCE,18,0,18,0,Owner,FALSE,FALSE,FALSE,FALSE,FALSE,FALSE,FALSE,FALSE,null,null,null,,OwnerId,null,Lookup(User),TRUE,FALSE,FALSE,FALSE,FALSE,TRUE,TRUE,TRUE,TRUE,FALSE,FALSE,FALSE,TRUE,null,null
Contact,CreatedDate,Created Date,DATETIME,0,0,0,0,null,FALSE,FALSE,FALSE,FALSE,FALSE,FALSE,FALSE,FALSE,null,null,null,,CreatedDate,null,Date/Time,FALSE,FALSE,FALSE,FALSE,FALSE,TRUE,TRUE,TRUE,TRUE,FALSE,FALSE,FALSE,TRUE,null,null
Contact,CreatedById,Created By ID,REFERENCE,18,0,18,0,CreatedBy,FALSE,FALSE,FALSE,FALSE,FALSE,FALSE,FALSE,FALSE,null,null,null,,CreatedById,null,Lookup(User),TRUE,FALSE,FALSE,FALSE,FALSE,FALSE,TRUE,TRUE,TRUE,FALSE,FALSE,FALSE,TRUE,null,null
Contact,LastModifiedDate,Last Modified Date,DATETIME,0,0,0,0,null,FALSE,FALSE,FALSE,FALSE,FALSE,FALSE,FALSE,FALSE,null,null,null,,LastModifiedDate,null,Date/Time,FALSE,FALSE,FALSE,FALSE,FALSE,FALSE,TRUE,TRUE,TRUE,FALSE,FALSE,FALSE,TRUE,null,null
Contact,LastModifiedById,Last Modified By ID,REFERENCE,18,0,18,0,LastModifiedBy,FALSE,FALSE,FALSE,FALSE,FALSE,FALSE,FALSE,FALSE,null,null,null,,LastModifiedById,null,Lookup(User),TRUE,FALSE,FALSE,FALSE,FALSE,FALSE,TRUE,TRUE,TRUE,FALSE,FALSE,FALSE,TRUE,null,null
Contact,SystemModstamp,System Modstamp,DATETIME,0,0,0,0,null,FALSE,FALSE,FALSE,FALSE,FALSE,FALSE,FALSE,FALSE,null,null,null,,SystemModstamp,null,Date/Time,FALSE,FALSE,FALSE,FALSE,FALSE,TRUE,TRUE,TRUE,TRUE,FALSE,FALSE,FALSE,FALSE,null,null
Contact,LastActivityDate,Last Activity,DATE,0,0,0,0,null,FALSE,FALSE,FALSE,FALSE,FALSE,FALSE,FALSE,FALSE,null,null,null,,LastActivityDate,null,Date,FALSE,FALSE,FALSE,FALSE,FALSE,FALSE,TRUE,TRUE,TRUE,TRUE,FALSE,FALSE,FALSE,null,null
Contact,LastCURequestDate,Last Stay-in-Touch Request Date,DATETIME,0,0,0,0,null,FALSE,FALSE,FALSE,FALSE,FALSE,FALSE,FALSE,FALSE,null,null,null,,LastCURequestDate,null,Date/Time,TRUE,FALSE,FALSE,FALSE,FALSE,FALSE,TRUE,TRUE,TRUE,TRUE,FALSE,FALSE,TRUE,null,null
Contact,LastCUUpdateDate,Last Stay-in-Touch Save Date,DATETIME,0,0,0,0,null,FALSE,FALSE,FALSE,FALSE,FALSE,FALSE,FALSE,FALSE,null,null,null,,LastCUUpdateDate,null,Date/Time,TRUE,FALSE,FALSE,FALSE,FALSE,FALSE,TRUE,TRUE,TRUE,TRUE,FALSE,FALSE,TRUE,null,null
Contact,LastViewedDate,Last Viewed Date,DATETIME,0,0,0,0,null,FALSE,FALSE,FALSE,FALSE,FALSE,FALSE,FALSE,FALSE,null,null,null,,LastViewedDate,null,Date/Time,FALSE,FALSE,FALSE,FALSE,FALSE,FALSE,TRUE,TRUE,TRUE,TRUE,FALSE,FALSE,FALSE,null,null
Contact,LastReferencedDate,Last Referenced Date,DATETIME,0,0,0,0,null,FALSE,FALSE,FALSE,FALSE,FALSE,FALSE,FALSE,FALSE,null,null,null,,LastReferencedDate,null,Date/Time,FALSE,FALSE,FALSE,FALSE,FALSE,FALSE,TRUE,TRUE,TRUE,TRUE,FALSE,FALSE,FALSE,null,null
Contact,EmailBouncedReason,Email Bounced Reason,STRING,255,0,765,0,null,FALSE,FALSE,FALSE,FALSE,FALSE,FALSE,FALSE,FALSE,null,null,null,,EmailBouncedReason,null,Text(255),FALSE,FALSE,FALSE,FALSE,FALSE,FALSE,TRUE,TRUE,TRUE,TRUE,FALSE,FALSE,TRUE,null,null
Contact,EmailBouncedDate,Email Bounced Date,DATETIME,0,0,0,0,null,FALSE,FALSE,FALSE,FALSE,FALSE,FALSE,FALSE,FALSE,null,null,null,,EmailBouncedDate,null,Date/Time,FALSE,FALSE,FALSE,FALSE,FALSE,FALSE,TRUE,TRUE,TRUE,TRUE,FALSE,FALSE,TRUE,null,null
Contact,IsEmailBounced,Is Email Bounced,BOOLEAN,0,0,0,0,null,FALSE,FALSE,FALSE,FALSE,FALSE,FALSE,FALSE,FALSE,FALSE,null,null,,IsEmailBounced,null,Checkbox,FALSE,FALSE,FALSE,FALSE,FALSE,FALSE,TRUE,TRUE,TRUE,FALSE,FALSE,FALSE,TRUE,null,null
Contact,PhotoUrl,Photo URL,URL,255,0,765,0,null,FALSE,FALSE,FALSE,FALSE,FALSE,FALSE,FALSE,FALSE,null,null,null,,PhotoUrl,null,URL(255),FALSE,FALSE,FALSE,FALSE,FALSE,FALSE,TRUE,TRUE,TRUE,TRUE,FALSE,FALSE,FALSE,null,null
Contact,Jigsaw,Data.com Key,STRING,20,0,60,0,null,FALSE,FALSE,FALSE,FALSE,FALSE,FALSE,FALSE,FALSE,null,null,null,,Jigsaw,null,Text(20),TRUE,FALSE,FALSE,FALSE,FALSE,FALSE,TRUE,TRUE,TRUE,TRUE,FALSE,FALSE,TRUE,null,null
Contact,JigsawContactId,Jigsaw Contact ID,STRING,20,0,60,0,JigsawContact,FALSE,FALSE,FALSE,FALSE,FALSE,FALSE,FALSE,FALSE,null,null,null,,JigsawContactId,null,ExternalLookup,FALSE,FALSE,FALSE,FALSE,FALSE,TRUE,TRUE,TRUE,TRUE,TRUE,FALSE,FALSE,FALSE,null,null
Contact,CleanStatus,Clean Status,PICKLIST,40,0,120,0,null,FALSE,FALSE,FALSE,TRUE,FALSE,FALSE,FALSE,FALSE,null,null,null,In Sync | Different | Reviewed | Not Found | Inactive | Not Compared | Select Match | Skipped,CleanStatus,null,Picklist,TRUE,FALSE,FALSE,FALSE,FALSE,TRUE,TRUE,TRUE,TRUE,TRUE,FALSE,FALSE,TRUE,null,null
Contact,IndividualId,Individual ID,REFERENCE,18,0,18,0,Individual,FALSE,FALSE,FALSE,FALSE,FALSE,FALSE,FALSE,TRUE,null,null,null,,IndividualId,null,Lookup(Individual),TRUE,FALSE,FALSE,FALSE,FALSE,TRUE,TRUE,TRUE,TRUE,TRUE,FALSE,TRUE,TRUE,null,null
Contact,Level__c,Level,PICKLIST,255,0,765,0,null,FALSE,TRUE,FALSE,FALSE,FALSE,FALSE,FALSE,FALSE,null,null,null,Secondary | Tertiary | Primary,Level__c,null,Picklist,TRUE,FALSE,FALSE,FALSE,FALSE,FALSE,TRUE,TRUE,TRUE,TRUE,FALSE,FALSE,TRUE,2021-03-13 01:43:44,null
Contact,Languages__c,Languages,STRING,100,0,300,0,null,FALSE,TRUE,FALSE,FALSE,FALSE,FALSE,FALSE,FALSE,null,null,null,,Languages__c,null,Text(100),TRUE,FALSE,FALSE,FALSE,FALSE,FALSE,TRUE,TRUE,TRUE,TRUE,FALSE,FALSE,TRUE,2021-03-13 01:43:44,null
Lead,Id,Lead ID,ID,18,0,18,0,null,FALSE,FALSE,FALSE,FALSE,FALSE,FALSE,FALSE,FALSE,null,null,null,,Id,null,Lookup(),FALSE,FALSE,FALSE,FALSE,FALSE,TRUE,TRUE,TRUE,TRUE,FALSE,FALSE,FALSE,FALSE,null,null
Lead,IsDeleted,Deleted,BOOLEAN,0,0,0,0,null,FALSE,FALSE,FALSE,FALSE,FALSE,FALSE,FALSE,FALSE,FALSE,null,null,,IsDeleted,null,Checkbox,FALSE,FALSE,FALSE,FALSE,FALSE,FALSE,TRUE,TRUE,TRUE,FALSE,FALSE,FALSE,FALSE,null,null
Lead,MasterRecordId,Master Record ID,REFERENCE,18,0,18,0,MasterRecord,FALSE,FALSE,FALSE,FALSE,FALSE,FALSE,FALSE,FALSE,null,null,null,,MasterRecordId,null,Lookup(Lead),FALSE,FALSE,FALSE,FALSE,FALSE,FALSE,TRUE,TRUE,TRUE,TRUE,FALSE,FALSE,FALSE,null,null
Lead,LastName,Last Name,STRING,80,0,240,0,null,FALSE,FALSE,FALSE,FALSE,FALSE,FALSE,FALSE,FALSE,null,null,null,,,,,,,,,,,,,,,,,,,
Lead,FirstName,First Name,STRING,40,0,120,0,null,FALSE,FALSE,FALSE,FALSE,FALSE,FALSE,FALSE,FALSE,null,null,null,,,,,,,,,,,,,,,,,,,
Lead,Salutation,Salutation,PICKLIST,40,0,120,0,null,FALSE,FALSE,FALSE,FALSE,FALSE,FALSE,FALSE,FALSE,null,null,null,Mr. | Ms. | Mrs. | Dr. | Prof.,,,,,,,,,,,,,,,,,,
Lead,Name,Full Name,STRING,121,0,363,0,null,FALSE,FALSE,FALSE,FALSE,FALSE,FALSE,FALSE,FALSE,null,null,null,,Name,null,Name,TRUE,TRUE,FALSE,FALSE,FALSE,TRUE,TRUE,TRUE,TRUE,FALSE,FALSE,FALSE,TRUE,null,null
Lead,Title,Title,STRING,128,0,384,0,null,FALSE,FALSE,FALSE,FALSE,FALSE,FALSE,FALSE,FALSE,null,null,null,,Title,null,Text(128),TRUE,FALSE,FALSE,FALSE,FALSE,FALSE,TRUE,TRUE,TRUE,TRUE,FALSE,FALSE,TRUE,null,null
Lead,Company,Company,STRING,255,0,765,0,null,FALSE,FALSE,FALSE,FALSE,FALSE,FALSE,FALSE,FALSE,null,null,null,,Company,null,Text(255),TRUE,FALSE,FALSE,FALSE,FALSE,TRUE,TRUE,TRUE,TRUE,FALSE,FALSE,FALSE,TRUE,null,null
Lead,Street,Street,TEXTAREA,255,0,765,0,null,FALSE,FALSE,FALSE,FALSE,FALSE,FALSE,FALSE,FALSE,null,null,null,,,,,,,,,,,,,,,,,,,
Lead,City,City,STRING,40,0,120,0,null,FALSE,FALSE,FALSE,FALSE,FALSE,FALSE,FALSE,FALSE,null,null,null,,,,,,,,,,,,,,,,,,,
Lead,State,State/Province,STRING,80,0,240,0,null,FALSE,FALSE,FALSE,FALSE,FALSE,FALSE,FALSE,FALSE,null,null,null,,,,,,,,,,,,,,,,,,,
Lead,PostalCode,Zip/Postal Code,STRING,20,0,60,0,null,FALSE,FALSE,FALSE,FALSE,FALSE,FALSE,FALSE,FALSE,null,null,null,,,,,,,,,,,,,,,,,,,
Lead,Country,Country,STRING,80,0,240,0,null,FALSE,FALSE,FALSE,FALSE,FALSE,FALSE,FALSE,FALSE,null,null,null,,,,,,,,,,,,,,,,,,,
Lead,Latitude,Latitude,DOUBLE,0,18,0,0,null,FALSE,FALSE,FALSE,FALSE,FALSE,FALSE,FALSE,FALSE,null,null,null,,,,,,,,,,,,,,,,,,,
Lead,Longitude,Longitude,DOUBLE,0,18,0,0,null,FALSE,FALSE,FALSE,FALSE,FALSE,FALSE,FALSE,FALSE,null,null,null,,,,,,,,,,,,,,,,,,,
Lead,GeocodeAccuracy,Geocode Accuracy,PICKLIST,40,0,120,0,null,FALSE,FALSE,FALSE,TRUE,FALSE,FALSE,FALSE,FALSE,null,null,null,Address | NearAddress | Block | Street | ExtendedZip | Zip | Neighborhood | City | County | State | Unknown,,,,,,,,,,,,,,,,,,
Lead,Address,Address,ADDRESS,0,0,0,0,null,FALSE,FALSE,FALSE,FALSE,FALSE,FALSE,FALSE,FALSE,null,null,null,,Address,null,Address,TRUE,TRUE,FALSE,FALSE,FALSE,FALSE,TRUE,TRUE,TRUE,TRUE,FALSE,FALSE,TRUE,null,null
Lead,Phone,Phone,PHONE,40,0,120,0,null,FALSE,FALSE,FALSE,FALSE,FALSE,FALSE,FALSE,FALSE,null,null,null,,Phone,null,Phone,TRUE,FALSE,FALSE,FALSE,FALSE,FALSE,TRUE,TRUE,TRUE,TRUE,FALSE,FALSE,TRUE,null,null
Lead,MobilePhone,Mobile Phone,PHONE,40,0,120,0,null,FALSE,FALSE,FALSE,FALSE,FALSE,FALSE,FALSE,FALSE,null,null,null,,MobilePhone,null,Phone,TRUE,FALSE,FALSE,FALSE,FALSE,FALSE,TRUE,TRUE,TRUE,TRUE,FALSE,FALSE,TRUE,null,null
Lead,Fax,Fax,PHONE,40,0,120,0,null,FALSE,FALSE,FALSE,FALSE,FALSE,FALSE,FALSE,FALSE,null,null,null,,Fax,null,Fax,TRUE,FALSE,FALSE,FALSE,FALSE,FALSE,TRUE,TRUE,TRUE,TRUE,FALSE,FALSE,TRUE,null,null
Lead,Email,Email,EMAIL,80,0,240,0,null,FALSE,FALSE,FALSE,FALSE,FALSE,FALSE,FALSE,FALSE,null,null,null,,Email,null,Email,TRUE,FALSE,FALSE,FALSE,FALSE,TRUE,TRUE,TRUE,TRUE,TRUE,FALSE,FALSE,TRUE,null,null
Lead,Website,Website,URL,255,0,765,0,null,FALSE,FALSE,FALSE,FALSE,FALSE,FALSE,FALSE,FALSE,null,null,null,,Website,null,URL(255),TRUE,FALSE,FALSE,FALSE,FALSE,FALSE,TRUE,TRUE,TRUE,TRUE,FALSE,FALSE,TRUE,null,null
Lead,PhotoUrl,Photo URL,URL,255,0,765,0,null,FALSE,FALSE,FALSE,FALSE,FALSE,FALSE,FALSE,FALSE,null,null,null,,PhotoUrl,null,URL(255),FALSE,FALSE,FALSE,FALSE,FALSE,FALSE,TRUE,TRUE,TRUE,TRUE,FALSE,FALSE,FALSE,null,null
Lead,Description,Description,TEXTAREA,32000,0,96000,0,null,FALSE,FALSE,FALSE,FALSE,FALSE,FALSE,FALSE,FALSE,null,null,null,,Description,null,LongTextArea(32000),FALSE,FALSE,FALSE,FALSE,FALSE,FALSE,FALSE,TRUE,TRUE,TRUE,FALSE,FALSE,TRUE,null,null
Lead,LeadSource,Lead Source,PICKLIST,255,0,765,0,null,FALSE,FALSE,FALSE,FALSE,FALSE,FALSE,FALSE,FALSE,null,null,null,Web | Phone Inquiry | Partner Referral | Purchased List | Other,LeadSource,null,Picklist,TRUE,FALSE,FALSE,FALSE,FALSE,FALSE,TRUE,TRUE,TRUE,TRUE,FALSE,FALSE,TRUE,null,null
Lead,Status,Status,PICKLIST,255,0,765,0,null,FALSE,FALSE,FALSE,FALSE,FALSE,FALSE,FALSE,FALSE,Open - Not Contacted,null,null,Open - Not Contacted | Working - Contacted | Closed - Converted | Closed - Not Converted,Status,null,Picklist,TRUE,FALSE,FALSE,FALSE,FALSE,FALSE,TRUE,TRUE,TRUE,FALSE,FALSE,FALSE,TRUE,null,null
Lead,Industry,Industry,PICKLIST,255,0,765,0,null,FALSE,FALSE,FALSE,FALSE,FALSE,FALSE,FALSE,FALSE,null,null,null,Agriculture | Apparel | Banking | Biotechnology | Chemicals | Communications | Construction | Consulting | Education | Electronics | Energy | Engineering | Entertainment | Environmental | Finance | Food & Beverage | Government | Healthcare | Hospitality | Insurance | Machinery | Manufacturing | Media | Not For Profit | Recreation | Retail | Shipping | Technology | Telecommunications | Transportation | Utilities | Other,Industry,null,Picklist,TRUE,FALSE,FALSE,FALSE,FALSE,FALSE,TRUE,TRUE,TRUE,TRUE,FALSE,FALSE,TRUE,null,null
Lead,Rating,Rating,PICKLIST,255,0,765,0,null,FALSE,FALSE,FALSE,FALSE,FALSE,FALSE,FALSE,FALSE,null,null,null,Hot | Warm | Cold,Rating,null,Picklist,TRUE,FALSE,FALSE,FALSE,FALSE,FALSE,TRUE,TRUE,TRUE,TRUE,FALSE,FALSE,TRUE,null,null
Lead,AnnualRevenue,Annual Revenue,CURRENCY,0,18,0,0,null,FALSE,FALSE,FALSE,FALSE,FALSE,FALSE,FALSE,FALSE,null,null,null,,AnnualRevenue,null,Currency(180),TRUE,FALSE,FALSE,FALSE,FALSE,FALSE,TRUE,TRUE,TRUE,TRUE,FALSE,FALSE,TRUE,null,null
Lead,NumberOfEmployees,Employees,INTEGER,0,0,0,8,null,FALSE,FALSE,FALSE,FALSE,FALSE,FALSE,FALSE,FALSE,null,null,null,,NumberOfEmployees,null,Number(80),TRUE,FALSE,FALSE,FALSE,FALSE,FALSE,TRUE,TRUE,TRUE,TRUE,FALSE,FALSE,TRUE,null,null
Lead,OwnerId,Owner ID,REFERENCE,18,0,18,0,Owner,FALSE,FALSE,FALSE,FALSE,FALSE,FALSE,FALSE,FALSE,null,null,null,,OwnerId,null,Lookup(UserGroup),TRUE,FALSE,FALSE,FALSE,FALSE,TRUE,TRUE,TRUE,TRUE,FALSE,TRUE,FALSE,TRUE,null,null
Lead,IsConverted,Converted,BOOLEAN,0,0,0,0,null,FALSE,FALSE,FALSE,FALSE,FALSE,FALSE,FALSE,FALSE,FALSE,null,null,,IsConverted,null,Checkbox,FALSE,FALSE,FALSE,FALSE,FALSE,FALSE,TRUE,TRUE,TRUE,FALSE,FALSE,FALSE,TRUE,null,null
Lead,ConvertedDate,Converted Date,DATE,0,0,0,0,null,FALSE,FALSE,FALSE,FALSE,FALSE,FALSE,FALSE,FALSE,null,null,null,,ConvertedDate,null,Date,FALSE,FALSE,FALSE,FALSE,FALSE,FALSE,TRUE,TRUE,TRUE,TRUE,FALSE,FALSE,TRUE,null,null
Lead,ConvertedAccountId,Converted Account ID,REFERENCE,18,0,18,0,ConvertedAccount,FALSE,FALSE,FALSE,FALSE,FALSE,FALSE,FALSE,TRUE,null,null,null,,ConvertedAccountId,null,Lookup(Account),FALSE,FALSE,FALSE,FALSE,FALSE,TRUE,TRUE,TRUE,TRUE,TRUE,FALSE,TRUE,FALSE,null,null
Lead,ConvertedContactId,Converted Contact ID,REFERENCE,18,0,18,0,ConvertedContact,FALSE,FALSE,FALSE,FALSE,FALSE,FALSE,FALSE,TRUE,null,null,null,,ConvertedContactId,null,Lookup(Contact),FALSE,FALSE,FALSE,FALSE,FALSE,TRUE,TRUE,TRUE,TRUE,TRUE,FALSE,TRUE,FALSE,null,null
Lead,ConvertedOpportunityId,Converted Opportunity ID,REFERENCE,18,0,18,0,ConvertedOpportunity,FALSE,FALSE,FALSE,FALSE,FALSE,FALSE,FALSE,TRUE,null,null,null,,ConvertedOpportunityId,null,Lookup(Opportunity),FALSE,FALSE,FALSE,FALSE,FALSE,TRUE,TRUE,TRUE,TRUE,TRUE,FALSE,TRUE,FALSE,null,null
Lead,IsUnreadByOwner,Unread By Owner,BOOLEAN,0,0,0,0,null,FALSE,FALSE,FALSE,FALSE,FALSE,FALSE,FALSE,FALSE,FALSE,null,null,,IsUnreadByOwner,null,Checkbox,FALSE,FALSE,FALSE,FALSE,FALSE,FALSE,TRUE,TRUE,TRUE,FALSE,FALSE,FALSE,FALSE,null,null
Lead,CreatedDate,Created Date,DATETIME,0,0,0,0,null,FALSE,FALSE,FALSE,FALSE,FALSE,FALSE,FALSE,FALSE,null,null,null,,CreatedDate,null,Date/Time,FALSE,FALSE,FALSE,FALSE,FALSE,TRUE,TRUE,TRUE,TRUE,FALSE,FALSE,FALSE,TRUE,null,null
Lead,CreatedById,Created By ID,REFERENCE,18,0,18,0,CreatedBy,FALSE,FALSE,FALSE,FALSE,FALSE,FALSE,FALSE,FALSE,null,null,null,,CreatedById,null,Lookup(User),TRUE,FALSE,FALSE,FALSE,FALSE,FALSE,TRUE,TRUE,TRUE,FALSE,FALSE,FALSE,TRUE,null,null
Lead,LastModifiedDate,Last Modified Date,DATETIME,0,0,0,0,null,FALSE,FALSE,FALSE,FALSE,FALSE,FALSE,FALSE,FALSE,null,null,null,,LastModifiedDate,null,Date/Time,FALSE,FALSE,FALSE,FALSE,FALSE,FALSE,TRUE,TRUE,TRUE,FALSE,FALSE,FALSE,TRUE,null,null
Lead,LastModifiedById,Last Modified By ID,REFERENCE,18,0,18,0,LastModifiedBy,FALSE,FALSE,FALSE,FALSE,FALSE,FALSE,FALSE,FALSE,null,null,null,,LastModifiedById,null,Lookup(User),TRUE,FALSE,FALSE,FALSE,FALSE,FALSE,TRUE,TRUE,TRUE,FALSE,FALSE,FALSE,TRUE,null,null
Lead,SystemModstamp,System Modstamp,DATETIME,0,0,0,0,null,FALSE,FALSE,FALSE,FALSE,FALSE,FALSE,FALSE,FALSE,null,null,null,,SystemModstamp,null,Date/Time,FALSE,FALSE,FALSE,FALSE,FALSE,TRUE,TRUE,TRUE,TRUE,FALSE,FALSE,FALSE,FALSE,null,null
Lead,LastActivityDate,Last Activity,DATE,0,0,0,0,null,FALSE,FALSE,FALSE,FALSE,FALSE,FALSE,FALSE,FALSE,null,null,null,,LastActivityDate,null,Date,FALSE,FALSE,FALSE,FALSE,FALSE,FALSE,TRUE,TRUE,TRUE,TRUE,FALSE,FALSE,FALSE,null,null
Lead,LastViewedDate,Last Viewed Date,DATETIME,0,0,0,0,null,FALSE,FALSE,FALSE,FALSE,FALSE,FALSE,FALSE,FALSE,null,null,null,,LastViewedDate,null,Date/Time,FALSE,FALSE,FALSE,FALSE,FALSE,FALSE,TRUE,TRUE,TRUE,TRUE,FALSE,FALSE,FALSE,null,null
Lead,LastReferencedDate,Last Referenced Date,DATETIME,0,0,0,0,null,FALSE,FALSE,FALSE,FALSE,FALSE,FALSE,FALSE,FALSE,null,null,null,,LastReferencedDate,null,Date/Time,FALSE,FALSE,FALSE,FALSE,FALSE,FALSE,TRUE,TRUE,TRUE,TRUE,FALSE,FALSE,FALSE,null,null
Lead,Jigsaw,Data.com Key,STRING,20,0,60,0,null,FALSE,FALSE,FALSE,FALSE,FALSE,FALSE,FALSE,FALSE,null,null,null,,Jigsaw,null,Text(20),TRUE,FALSE,FALSE,FALSE,FALSE,FALSE,TRUE,TRUE,TRUE,TRUE,FALSE,FALSE,TRUE,null,null
Lead,JigsawContactId,Jigsaw Contact ID,STRING,20,0,60,0,JigsawContact,FALSE,FALSE,FALSE,FALSE,FALSE,FALSE,FALSE,FALSE,null,null,null,,JigsawContactId,null,ExternalLookup,FALSE,FALSE,FALSE,FALSE,FALSE,TRUE,TRUE,TRUE,TRUE,TRUE,FALSE,FALSE,FALSE,null,null
Lead,CleanStatus,Clean Status,PICKLIST,40,0,120,0,null,FALSE,FALSE,FALSE,TRUE,FALSE,FALSE,FALSE,FALSE,null,null,null,In Sync | Different | Reviewed | Not Found | Inactive | Not Compared | Select Match | Skipped,CleanStatus,null,Picklist,TRUE,FALSE,FALSE,FALSE,FALSE,TRUE,TRUE,TRUE,TRUE,TRUE,FALSE,FALSE,TRUE,null,null
Lead,CompanyDunsNumber,Company D-U-N-S Number,STRING,9,0,27,0,null,FALSE,FALSE,FALSE,FALSE,FALSE,FALSE,FALSE,FALSE,null,null,null,,CompanyDunsNumber,null,Text(9),TRUE,FALSE,FALSE,FALSE,FALSE,FALSE,TRUE,TRUE,TRUE,TRUE,FALSE,FALSE,TRUE,null,null
Lead,DandbCompanyId,D&B Company ID,REFERENCE,18,0,18,0,DandbCompany,FALSE,FALSE,FALSE,FALSE,FALSE,FALSE,FALSE,TRUE,null,null,null,,DandbCompanyId,null,Lookup(D&BCompany),TRUE,FALSE,FALSE,FALSE,FALSE,TRUE,TRUE,TRUE,TRUE,TRUE,FALSE,TRUE,FALSE,null,null
Lead,EmailBouncedReason,Email Bounced Reason,STRING,255,0,765,0,null,FALSE,FALSE,FALSE,FALSE,FALSE,FALSE,FALSE,FALSE,null,null,null,,EmailBouncedReason,null,Text(255),FALSE,FALSE,FALSE,FALSE,FALSE,FALSE,TRUE,TRUE,TRUE,TRUE,FALSE,FALSE,TRUE,null,null
Lead,EmailBouncedDate,Email Bounced Date,DATETIME,0,0,0,0,null,FALSE,FALSE,FALSE,FALSE,FALSE,FALSE,FALSE,FALSE,null,null,null,,EmailBouncedDate,null,Date/Time,FALSE,FALSE,FALSE,FALSE,FALSE,FALSE,TRUE,TRUE,TRUE,TRUE,FALSE,FALSE,TRUE,null,null
Lead,IndividualId,Individual ID,REFERENCE,18,0,18,0,Individual,FALSE,FALSE,FALSE,FALSE,FALSE,FALSE,FALSE,TRUE,null,null,null,,IndividualId,null,Lookup(Individual),TRUE,FALSE,FALSE,FALSE,FALSE,TRUE,TRUE,TRUE,TRUE,TRUE,FALSE,TRUE,TRUE,null,null
Lead,SICCode__c,SIC Code,STRING,15,0,45,0,null,FALSE,TRUE,FALSE,FALSE,FALSE,FALSE,FALSE,FALSE,null,null,null,,SICCode__c,null,Text(15),TRUE,FALSE,FALSE,FALSE,FALSE,FALSE,TRUE,TRUE,TRUE,TRUE,FALSE,FALSE,TRUE,2021-03-13 01:43:44,null
Lead,ProductInterest__c,Product Interest,PICKLIST,255,0,765,0,null,FALSE,TRUE,FALSE,FALSE,FALSE,FALSE,FALSE,FALSE,null,null,null,GC1000 series | GC5000 series | GC3000 series,ProductInterest__c,null,Picklist,TRUE,FALSE,FALSE,FALSE,FALSE,FALSE,TRUE,TRUE,TRUE,TRUE,FALSE,FALSE,TRUE,2021-03-13 01:43:44,null
Lead,Primary__c,Primary,PICKLIST,255,0,765,0,null,FALSE,TRUE,FALSE,FALSE,FALSE,FALSE,FALSE,FALSE,null,null,null,No | Yes,Primary__c,null,Picklist,TRUE,FALSE,FALSE,FALSE,FALSE,FALSE,TRUE,TRUE,TRUE,TRUE,FALSE,FALSE,TRUE,2021-03-13 01:43:44,null
Lead,CurrentGenerators__c,Current Generator(s),STRING,100,0,300,0,null,FALSE,TRUE,FALSE,FALSE,FALSE,FALSE,FALSE,FALSE,null,null,null,,CurrentGenerators__c,null,Text(100),TRUE,FALSE,FALSE,FALSE,FALSE,FALSE,TRUE,TRUE,TRUE,TRUE,FALSE,FALSE,TRUE,2021-03-13 01:43:44,null
Lead,NumberofLocations__c,Number of Locations,DOUBLE,0,3,0,0,null,FALSE,TRUE,FALSE,FALSE,FALSE,FALSE,FALSE,FALSE,null,null,null,,NumberofLocations__c,null,Number(30),TRUE,FALSE,FALSE,FALSE,FALSE,FALSE,TRUE,TRUE,TRUE,TRUE,FALSE,FALSE,TRUE,2021-03-13 01:43:44,null
Lead,DB_Created_Date_without_Time__c,DB Created Date without Time,DATE,0,0,0,0,null,TRUE,TRUE,FALSE,FALSE,FALSE,TRUE,FALSE,FALSE,null,null,CreatedDate,,DB_Created_Date_without_Time__c,This is a field that is installed by and used with the Adoption Dashboard AppExchange package. If your org already has a similar field you can change the reports that are part of the Adoption Dashboard package to use your custom field and then delete this field.,Formula(Date),TRUE,FALSE,FALSE,FALSE,FALSE,FALSE,TRUE,TRUE,TRUE,TRUE,FALSE,FALSE,TRUE,2021-03-28 20:38:20,null
Lead,DB_Lead_Age__c,DB Lead Age,DOUBLE,0,18,0,0,null,TRUE,TRUE,FALSE,FALSE,FALSE,TRUE,FALSE,FALSE,null,null,NOW()-LastModifiedDate,,DB_Lead_Age__c,This is a field that is installed by and used with the Adoption Dashboard AppExchange package. If your org already has a similar field you can change the reports that are part of the Adoption Dashboard package to use your custom field and then delete this field.,Formula(Number),TRUE,FALSE,FALSE,FALSE,FALSE,FALSE,TRUE,TRUE,TRUE,TRUE,FALSE,FALSE,TRUE,2021-03-28 20:38:20,null
Opportunity,Id,Opportunity ID,ID,18,0,18,0,null,FALSE,FALSE,FALSE,FALSE,FALSE,FALSE,FALSE,FALSE,null,null,null,,Id,null,Lookup(),FALSE,FALSE,FALSE,FALSE,FALSE,TRUE,TRUE,TRUE,TRUE,FALSE,FALSE,FALSE,FALSE,null,null
Opportunity,IsDeleted,Deleted,BOOLEAN,0,0,0,0,null,FALSE,FALSE,FALSE,FALSE,FALSE,FALSE,FALSE,FALSE,FALSE,null,null,,IsDeleted,null,Checkbox,FALSE,FALSE,FALSE,FALSE,FALSE,FALSE,TRUE,TRUE,TRUE,FALSE,FALSE,FALSE,FALSE,null,null
Opportunity,AccountId,Account ID,REFERENCE,18,0,18,0,Account,FALSE,FALSE,FALSE,FALSE,FALSE,FALSE,FALSE,TRUE,null,null,null,,AccountId,null,Lookup(Account),TRUE,FALSE,FALSE,FALSE,FALSE,TRUE,TRUE,TRUE,TRUE,TRUE,FALSE,TRUE,FALSE,null,null
Opportunity,IsPrivate,Private,BOOLEAN,0,0,0,0,null,FALSE,FALSE,FALSE,FALSE,FALSE,FALSE,FALSE,FALSE,FALSE,null,null,,IsPrivate,null,Checkbox,TRUE,FALSE,FALSE,FALSE,FALSE,FALSE,TRUE,TRUE,TRUE,FALSE,FALSE,FALSE,FALSE,null,null
Opportunity,Name,Name,STRING,120,0,360,0,null,FALSE,FALSE,FALSE,FALSE,FALSE,FALSE,FALSE,FALSE,null,null,null,,Name,null,Text(120),TRUE,FALSE,FALSE,FALSE,FALSE,TRUE,TRUE,TRUE,TRUE,FALSE,FALSE,FALSE,TRUE,null,null
Opportunity,Description,Description,TEXTAREA,32000,0,96000,0,null,FALSE,FALSE,FALSE,FALSE,FALSE,FALSE,FALSE,FALSE,null,null,null,,Description,null,LongTextArea(32000),FALSE,FALSE,FALSE,FALSE,FALSE,FALSE,FALSE,TRUE,TRUE,TRUE,FALSE,FALSE,TRUE,null,null
Opportunity,StageName,Stage,PICKLIST,255,0,765,0,null,FALSE,FALSE,FALSE,FALSE,FALSE,FALSE,FALSE,FALSE,null,null,null,Prospecting | Qualification | Needs Analysis | Value Proposition | Id. Decision Makers | Perception Analysis | Proposal/Price Quote | Negotiation/Review | Closed Won | Closed Lost,StageName,null,Picklist,TRUE,FALSE,FALSE,FALSE,FALSE,FALSE,TRUE,TRUE,TRUE,FALSE,FALSE,FALSE,TRUE,null,null
Opportunity,Amount,Amount,CURRENCY,0,18,0,0,null,FALSE,FALSE,FALSE,FALSE,FALSE,FALSE,FALSE,FALSE,null,null,null,,Amount,null,Currency(162),TRUE,FALSE,FALSE,FALSE,FALSE,FALSE,TRUE,TRUE,TRUE,TRUE,FALSE,FALSE,TRUE,null,null
Opportunity,Probability,Probability (%),PERCENT,0,3,0,0,null,FALSE,FALSE,FALSE,FALSE,FALSE,FALSE,FALSE,FALSE,null,null,null,,Probability,null,Percent(30),TRUE,FALSE,FALSE,FALSE,FALSE,FALSE,TRUE,TRUE,TRUE,TRUE,FALSE,FALSE,TRUE,null,null
Opportunity,ExpectedRevenue,Expected Amount,CURRENCY,0,18,0,0,null,FALSE,FALSE,FALSE,FALSE,FALSE,FALSE,FALSE,FALSE,null,null,null,,ExpectedRevenue,null,Currency(162),TRUE,FALSE,FALSE,FALSE,FALSE,FALSE,TRUE,TRUE,TRUE,TRUE,FALSE,FALSE,TRUE,null,null
Opportunity,TotalOpportunityQuantity,Quantity,DOUBLE,0,18,0,0,null,FALSE,FALSE,FALSE,FALSE,FALSE,FALSE,FALSE,FALSE,null,null,null,,TotalOpportunityQuantity,null,Number(162),TRUE,FALSE,FALSE,FALSE,FALSE,FALSE,TRUE,TRUE,TRUE,TRUE,FALSE,FALSE,TRUE,null,null
Opportunity,CloseDate,Close Date,DATE,0,0,0,0,null,FALSE,FALSE,FALSE,FALSE,FALSE,FALSE,FALSE,FALSE,null,null,null,,CloseDate,null,Date,TRUE,FALSE,FALSE,FALSE,FALSE,TRUE,TRUE,TRUE,TRUE,FALSE,FALSE,FALSE,TRUE,null,null
Opportunity,Type,Opportunity Type,PICKLIST,255,0,765,0,null,FALSE,FALSE,FALSE,FALSE,FALSE,FALSE,FALSE,FALSE,null,null,null,Existing Customer - Upgrade | Existing Customer - Replacement | Existing Customer - Downgrade | New Customer,Type,null,Picklist,TRUE,FALSE,FALSE,FALSE,FALSE,FALSE,TRUE,TRUE,TRUE,TRUE,FALSE,FALSE,TRUE,null,null
Opportunity,NextStep,Next Step,STRING,255,0,765,0,null,FALSE,FALSE,FALSE,FALSE,FALSE,FALSE,FALSE,FALSE,null,null,null,,NextStep,null,Text(255),TRUE,FALSE,FALSE,FALSE,FALSE,FALSE,TRUE,TRUE,TRUE,TRUE,FALSE,FALSE,TRUE,null,null
Opportunity,LeadSource,Lead Source,PICKLIST,255,0,765,0,null,FALSE,FALSE,FALSE,FALSE,FALSE,FALSE,FALSE,FALSE,null,null,null,Web | Phone Inquiry | Partner Referral | Purchased List | Other,LeadSource,null,Picklist,TRUE,FALSE,FALSE,FALSE,FALSE,FALSE,TRUE,TRUE,TRUE,TRUE,FALSE,FALSE,TRUE,null,null
Opportunity,IsClosed,Closed,BOOLEAN,0,0,0,0,null,FALSE,FALSE,FALSE,FALSE,FALSE,FALSE,FALSE,FALSE,FALSE,null,null,,IsClosed,null,Checkbox,FALSE,FALSE,FALSE,FALSE,FALSE,FALSE,TRUE,TRUE,TRUE,FALSE,FALSE,FALSE,TRUE,null,null
Opportunity,IsWon,Won,BOOLEAN,0,0,0,0,null,FALSE,FALSE,FALSE,FALSE,FALSE,FALSE,FALSE,FALSE,FALSE,null,null,,IsWon,null,Checkbox,FALSE,FALSE,FALSE,FALSE,FALSE,FALSE,TRUE,TRUE,TRUE,FALSE,FALSE,FALSE,TRUE,null,null
Opportunity,ForecastCategory,Forecast Category,PICKLIST,40,0,120,0,null,FALSE,FALSE,FALSE,TRUE,FALSE,FALSE,FALSE,FALSE,null,null,null,Omitted | Pipeline | Best Case | Commit | Closed,ForecastCategory,null,Picklist,FALSE,FALSE,FALSE,FALSE,FALSE,FALSE,TRUE,TRUE,TRUE,FALSE,FALSE,FALSE,FALSE,null,null
Opportunity,ForecastCategoryName,Forecast Category,PICKLIST,255,0,765,0,null,FALSE,FALSE,FALSE,TRUE,FALSE,FALSE,FALSE,FALSE,null,null,null,Omitted | Pipeline | Best Case | Commit | Closed,ForecastCategoryName,null,Picklist,TRUE,FALSE,FALSE,FALSE,FALSE,FALSE,TRUE,TRUE,TRUE,TRUE,FALSE,FALSE,TRUE,null,null
Opportunity,CampaignId,Campaign ID,REFERENCE,18,0,18,0,Campaign,FALSE,FALSE,FALSE,FALSE,FALSE,FALSE,FALSE,TRUE,null,null,null,,CampaignId,null,Lookup(Campaign),TRUE,FALSE,FALSE,FALSE,FALSE,TRUE,TRUE,TRUE,TRUE,TRUE,FALSE,TRUE,TRUE,null,null
Opportunity,HasOpportunityLineItem,Has Line Item,BOOLEAN,0,0,0,0,null,FALSE,FALSE,FALSE,FALSE,FALSE,FALSE,FALSE,FALSE,FALSE,null,null,,HasOpportunityLineItem,null,Checkbox,FALSE,FALSE,FALSE,FALSE,FALSE,FALSE,TRUE,TRUE,TRUE,FALSE,FALSE,FALSE,TRUE,null,null
Opportunity,Pricebook2Id,Price Book ID,REFERENCE,18,0,18,0,Pricebook2,FALSE,FALSE,FALSE,FALSE,FALSE,FALSE,FALSE,TRUE,null,null,null,,Pricebook2Id,null,Lookup(PriceBook),TRUE,FALSE,FALSE,FALSE,FALSE,TRUE,TRUE,TRUE,TRUE,TRUE,FALSE,TRUE,FALSE,null,null
Opportunity,OwnerId,Owner ID,REFERENCE,18,0,18,0,Owner,FALSE,FALSE,FALSE,FALSE,FALSE,FALSE,FALSE,FALSE,null,null,null,,OwnerId,null,Lookup(User),TRUE,FALSE,FALSE,FALSE,FALSE,TRUE,TRUE,TRUE,TRUE,FALSE,FALSE,FALSE,TRUE,null,null
Opportunity,CreatedDate,Created Date,DATETIME,0,0,0,0,null,FALSE,FALSE,FALSE,FALSE,FALSE,FALSE,FALSE,FALSE,null,null,null,,CreatedDate,null,Date/Time,FALSE,FALSE,FALSE,FALSE,FALSE,TRUE,TRUE,TRUE,TRUE,FALSE,FALSE,FALSE,TRUE,null,null
Opportunity,CreatedById,Created By ID,REFERENCE,18,0,18,0,CreatedBy,FALSE,FALSE,FALSE,FALSE,FALSE,FALSE,FALSE,FALSE,null,null,null,,CreatedById,null,Lookup(User),TRUE,FALSE,FALSE,FALSE,FALSE,FALSE,TRUE,TRUE,TRUE,FALSE,FALSE,FALSE,TRUE,null,null
Opportunity,LastModifiedDate,Last Modified Date,DATETIME,0,0,0,0,null,FALSE,FALSE,FALSE,FALSE,FALSE,FALSE,FALSE,FALSE,null,null,null,,LastModifiedDate,null,Date/Time,FALSE,FALSE,FALSE,FALSE,FALSE,FALSE,TRUE,TRUE,TRUE,FALSE,FALSE,FALSE,TRUE,null,null
Opportunity,LastModifiedById,Last Modified By ID,REFERENCE,18,0,18,0,LastModifiedBy,FALSE,FALSE,FALSE,FALSE,FALSE,FALSE,FALSE,FALSE,null,null,null,,LastModifiedById,null,Lookup(User),TRUE,FALSE,FALSE,FALSE,FALSE,FALSE,TRUE,TRUE,TRUE,FALSE,FALSE,FALSE,TRUE,null,null
Opportunity,SystemModstamp,System Modstamp,DATETIME,0,0,0,0,null,FALSE,FALSE,FALSE,FALSE,FALSE,FALSE,FALSE,FALSE,null,null,null,,SystemModstamp,null,Date/Time,FALSE,FALSE,FALSE,FALSE,FALSE,TRUE,TRUE,TRUE,TRUE,FALSE,FALSE,FALSE,FALSE,null,null
Opportunity,LastActivityDate,Last Activity,DATE,0,0,0,0,null,FALSE,FALSE,FALSE,FALSE,FALSE,FALSE,FALSE,FALSE,null,null,null,,LastActivityDate,null,Date,FALSE,FALSE,FALSE,FALSE,FALSE,FALSE,TRUE,TRUE,TRUE,TRUE,FALSE,FALSE,FALSE,null,null
Opportunity,LastStageChangeDate,Last Stage Change Date,DATETIME,0,0,0,0,null,FALSE,FALSE,FALSE,FALSE,FALSE,FALSE,FALSE,FALSE,null,null,null,,LastStageChangeDate,null,Date/Time,FALSE,FALSE,FALSE,FALSE,FALSE,FALSE,TRUE,TRUE,TRUE,TRUE,FALSE,FALSE,FALSE,null,null
Opportunity,FiscalQuarter,Fiscal Quarter,INTEGER,0,0,0,8,null,FALSE,FALSE,FALSE,FALSE,FALSE,FALSE,FALSE,FALSE,null,null,null,,,,,,,,,,,,,,,,,,,
Opportunity,FiscalYear,Fiscal Year,INTEGER,0,0,0,8,null,FALSE,FALSE,FALSE,FALSE,FALSE,FALSE,FALSE,FALSE,null,null,null,,,,,,,,,,,,,,,,,,,
Opportunity,Fiscal,Fiscal Period,STRING,6,0,6,0,null,FALSE,FALSE,FALSE,FALSE,FALSE,FALSE,FALSE,FALSE,null,null,null,,Fiscal,null,Picklist,FALSE,TRUE,FALSE,FALSE,FALSE,FALSE,TRUE,TRUE,TRUE,TRUE,FALSE,FALSE,FALSE,null,null
Opportunity,ContactId,Contact ID,REFERENCE,18,0,18,0,null,FALSE,FALSE,FALSE,FALSE,FALSE,FALSE,FALSE,FALSE,null,null,null,,ContactId,null,Lookup(Contact),FALSE,FALSE,FALSE,FALSE,FALSE,TRUE,TRUE,TRUE,TRUE,TRUE,FALSE,FALSE,TRUE,null,null
Opportunity,LastViewedDate,Last Viewed Date,DATETIME,0,0,0,0,null,FALSE,FALSE,FALSE,FALSE,FALSE,FALSE,FALSE,FALSE,null,null,null,,LastViewedDate,null,Date/Time,FALSE,FALSE,FALSE,FALSE,FALSE,FALSE,TRUE,TRUE,TRUE,TRUE,FALSE,FALSE,FALSE,null,null
Opportunity,LastReferencedDate,Last Referenced Date,DATETIME,0,0,0,0,null,FALSE,FALSE,FALSE,FALSE,FALSE,FALSE,FALSE,FALSE,null,null,null,,LastReferencedDate,null,Date/Time,FALSE,FALSE,FALSE,FALSE,FALSE,FALSE,TRUE,TRUE,TRUE,TRUE,FALSE,FALSE,FALSE,null,null
Opportunity,HasOpenActivity,Has Open Activity,BOOLEAN,0,0,0,0,null,FALSE,FALSE,FALSE,FALSE,FALSE,FALSE,FALSE,FALSE,FALSE,null,null,,HasOpenActivity,null,Checkbox,FALSE,FALSE,FALSE,FALSE,FALSE,FALSE,TRUE,TRUE,TRUE,FALSE,FALSE,FALSE,FALSE,null,null
Opportunity,HasOverdueTask,Has Overdue Task,BOOLEAN,0,0,0,0,null,FALSE,FALSE,FALSE,FALSE,FALSE,FALSE,FALSE,FALSE,FALSE,null,null,,HasOverdueTask,null,Checkbox,FALSE,FALSE,FALSE,FALSE,FALSE,FALSE,TRUE,TRUE,TRUE,FALSE,FALSE,FALSE,FALSE,null,null
Opportunity,LastAmountChangedHistoryId,Opportunity History ID,REFERENCE,18,0,18,0,LastAmountChangedHistory,FALSE,FALSE,FALSE,FALSE,FALSE,FALSE,FALSE,TRUE,null,null,null,,LastAmountChangedHistoryId,null,Lookup(OpportunityHistory),FALSE,FALSE,FALSE,FALSE,FALSE,FALSE,TRUE,TRUE,TRUE,TRUE,FALSE,TRUE,FALSE,null,null
Opportunity,LastCloseDateChangedHistoryId,Opportunity History ID,REFERENCE,18,0,18,0,LastCloseDateChangedHistory,FALSE,FALSE,FALSE,FALSE,FALSE,FALSE,FALSE,TRUE,null,null,null,,LastCloseDateChangedHistoryId,null,Lookup(OpportunityHistory),FALSE,FALSE,FALSE,FALSE,FALSE,FALSE,TRUE,TRUE,TRUE,TRUE,FALSE,TRUE,FALSE,null,null
Opportunity,DeliveryInstallationStatus__c,Delivery/Installation Status,PICKLIST,255,0,765,0,null,FALSE,TRUE,FALSE,FALSE,FALSE,FALSE,FALSE,FALSE,null,null,null,In progress | Yet to begin | Completed,DeliveryInstallationStatus__c,null,Picklist,TRUE,FALSE,FALSE,FALSE,FALSE,FALSE,TRUE,TRUE,TRUE,TRUE,FALSE,FALSE,TRUE,2021-03-13 01:43:44,null
Opportunity,TrackingNumber__c,Tracking Number,STRING,12,0,36,0,null,FALSE,TRUE,FALSE,FALSE,FALSE,FALSE,FALSE,FALSE,null,null,null,,TrackingNumber__c,null,Text(12),TRUE,FALSE,FALSE,FALSE,FALSE,FALSE,TRUE,TRUE,TRUE,TRUE,FALSE,FALSE,TRUE,2021-03-13 01:43:44,null
Opportunity,OrderNumber__c,Order Number,STRING,8,0,24,0,null,FALSE,TRUE,FALSE,FALSE,FALSE,FALSE,FALSE,FALSE,null,null,null,,OrderNumber__c,null,Text(8),TRUE,FALSE,FALSE,FALSE,FALSE,FALSE,TRUE,TRUE,TRUE,TRUE,FALSE,FALSE,TRUE,2021-03-13 01:43:44,null
Opportunity,CurrentGenerators__c,Current Generator(s),STRING,100,0,300,0,null,FALSE,TRUE,FALSE,FALSE,FALSE,FALSE,FALSE,FALSE,null,null,null,,CurrentGenerators__c,null,Text(100),TRUE,FALSE,FALSE,FALSE,FALSE,FALSE,TRUE,TRUE,TRUE,TRUE,FALSE,FALSE,TRUE,2021-03-13 01:43:44,null
Opportunity,MainCompetitors__c,Main Competitor(s),STRING,100,0,300,0,null,FALSE,TRUE,FALSE,FALSE,FALSE,FALSE,FALSE,FALSE,null,null,null,,MainCompetitors__c,null,Text(100),TRUE,FALSE,FALSE,FALSE,FALSE,FALSE,TRUE,TRUE,TRUE,TRUE,FALSE,FALSE,TRUE,2021-03-13 01:43:44,null
Opportunity,DB_Competitor__c,DB Competitor,PICKLIST,255,0,765,0,null,FALSE,TRUE,FALSE,FALSE,FALSE,FALSE,FALSE,FALSE,null,null,null,Competitor A | Competitor B | Competitor C,DB_Competitor__c,This is a field that is installed by and used with the Adoption Dashboard AppExchange package. If your org already has a similar field you can change the reports that are part of the Adoption Dashboard package to use your custom field and can delete this field.,Picklist,TRUE,FALSE,FALSE,FALSE,FALSE,FALSE,TRUE,TRUE,TRUE,TRUE,FALSE,FALSE,TRUE,2021-03-28 20:38:20,null
Campaign,Id,Campaign ID,ID,18,0,18,0,null,FALSE,FALSE,FALSE,FALSE,FALSE,FALSE,FALSE,FALSE,null,null,null,,Id,null,Lookup(),FALSE,FALSE,FALSE,FALSE,FALSE,TRUE,TRUE,TRUE,TRUE,FALSE,FALSE,FALSE,FALSE,null,null
Campaign,IsDeleted,Deleted,BOOLEAN,0,0,0,0,null,FALSE,FALSE,FALSE,FALSE,FALSE,FALSE,FALSE,FALSE,FALSE,null,null,,IsDeleted,null,Checkbox,FALSE,FALSE,FALSE,FALSE,FALSE,FALSE,TRUE,TRUE,TRUE,FALSE,FALSE,FALSE,FALSE,null,null
Campaign,Name,Name,STRING,80,0,240,0,null,FALSE,FALSE,FALSE,FALSE,FALSE,FALSE,FALSE,FALSE,null,null,null,,Name,null,Text(80),TRUE,FALSE,FALSE,FALSE,FALSE,TRUE,TRUE,TRUE,TRUE,FALSE,FALSE,FALSE,TRUE,null,null
Campaign,ParentId,Parent Campaign ID,REFERENCE,18,0,18,0,Parent,FALSE,FALSE,FALSE,FALSE,FALSE,FALSE,FALSE,TRUE,null,null,null,,ParentId,null,Lookup(Campaign),TRUE,FALSE,FALSE,FALSE,FALSE,TRUE,TRUE,TRUE,TRUE,TRUE,FALSE,TRUE,TRUE,null,null
Campaign,Type,Type,PICKLIST,255,0,765,0,null,FALSE,FALSE,FALSE,FALSE,FALSE,FALSE,FALSE,FALSE,Conference,null,null,Conference | Webinar | Trade Show | Public Relations | Partners | Referral Program | Advertisement | Banner Ads | Direct Mail | Email | Telemarketing | Other,Type,null,Picklist,TRUE,FALSE,FALSE,FALSE,FALSE,FALSE,TRUE,TRUE,TRUE,TRUE,FALSE,FALSE,TRUE,null,null
Campaign,Status,Status,PICKLIST,255,0,765,0,null,FALSE,FALSE,FALSE,FALSE,FALSE,FALSE,FALSE,FALSE,Planned,null,null,Planned | In Progress | Completed | Aborted,Status,null,Picklist,TRUE,FALSE,FALSE,FALSE,FALSE,FALSE,TRUE,TRUE,TRUE,TRUE,FALSE,FALSE,TRUE,null,null
Campaign,StartDate,Start Date,DATE,0,0,0,0,null,FALSE,FALSE,FALSE,FALSE,FALSE,FALSE,FALSE,FALSE,null,null,null,,StartDate,null,Date,TRUE,FALSE,FALSE,FALSE,FALSE,FALSE,TRUE,TRUE,TRUE,TRUE,FALSE,FALSE,TRUE,null,null
Campaign,EndDate,End Date,DATE,0,0,0,0,null,FALSE,FALSE,FALSE,FALSE,FALSE,FALSE,FALSE,FALSE,null,null,null,,EndDate,null,Date,TRUE,FALSE,FALSE,FALSE,FALSE,FALSE,TRUE,TRUE,TRUE,TRUE,FALSE,FALSE,TRUE,null,null
Campaign,ExpectedRevenue,Expected Revenue in Campaign,CURRENCY,0,18,0,0,null,FALSE,FALSE,FALSE,FALSE,FALSE,FALSE,FALSE,FALSE,null,null,null,,ExpectedRevenue,null,Currency(180),TRUE,FALSE,FALSE,FALSE,FALSE,FALSE,TRUE,TRUE,TRUE,TRUE,FALSE,FALSE,TRUE,null,null
Campaign,BudgetedCost,Budgeted Cost in Campaign,CURRENCY,0,18,0,0,null,FALSE,FALSE,FALSE,FALSE,FALSE,FALSE,FALSE,FALSE,null,null,null,,BudgetedCost,null,Currency(180),TRUE,FALSE,FALSE,FALSE,FALSE,FALSE,TRUE,TRUE,TRUE,TRUE,FALSE,FALSE,TRUE,null,null
Campaign,ActualCost,Actual Cost in Campaign,CURRENCY,0,18,0,0,null,FALSE,FALSE,FALSE,FALSE,FALSE,FALSE,FALSE,FALSE,null,null,null,,ActualCost,null,Currency(180),TRUE,FALSE,FALSE,FALSE,FALSE,FALSE,TRUE,TRUE,TRUE,TRUE,FALSE,FALSE,TRUE,null,null
Campaign,ExpectedResponse,Expected Response (%),PERCENT,0,10,0,0,null,FALSE,FALSE,FALSE,FALSE,FALSE,FALSE,FALSE,FALSE,null,null,null,,ExpectedResponse,null,Percent(82),TRUE,FALSE,FALSE,FALSE,FALSE,FALSE,TRUE,TRUE,TRUE,TRUE,FALSE,FALSE,TRUE,null,null
Campaign,NumberSent,Num Sent in Campaign,DOUBLE,0,18,0,0,null,FALSE,FALSE,FALSE,FALSE,FALSE,FALSE,FALSE,FALSE,null,null,null,,NumberSent,null,Number(180),TRUE,FALSE,FALSE,FALSE,FALSE,FALSE,TRUE,TRUE,TRUE,TRUE,FALSE,FALSE,TRUE,null,null
Campaign,IsActive,Active,BOOLEAN,0,0,0,0,null,FALSE,FALSE,FALSE,FALSE,FALSE,FALSE,FALSE,FALSE,FALSE,null,null,,IsActive,null,Checkbox,TRUE,FALSE,FALSE,FALSE,FALSE,TRUE,TRUE,TRUE,TRUE,FALSE,FALSE,FALSE,TRUE,null,null
Campaign,Description,Description,TEXTAREA,32000,0,96000,0,null,FALSE,FALSE,FALSE,FALSE,FALSE,FALSE,FALSE,FALSE,null,null,null,,Description,null,LongTextArea(32000),FALSE,FALSE,FALSE,FALSE,FALSE,FALSE,FALSE,TRUE,TRUE,TRUE,FALSE,FALSE,TRUE,null,null
Campaign,CampaignImageId,ContentDocument ID,REFERENCE,18,0,18,0,null,FALSE,FALSE,FALSE,FALSE,FALSE,FALSE,FALSE,FALSE,null,null,null,,CampaignImageId,null,Lookup(ContentDocument),TRUE,FALSE,FALSE,FALSE,FALSE,TRUE,TRUE,TRUE,TRUE,TRUE,FALSE,FALSE,TRUE,null,null
Campaign,NumberOfLeads,Leads in Campaign,INTEGER,0,0,0,9,null,FALSE,FALSE,FALSE,FALSE,FALSE,FALSE,FALSE,FALSE,null,null,null,,NumberOfLeads,null,Number(90),TRUE,FALSE,FALSE,FALSE,FALSE,FALSE,TRUE,TRUE,TRUE,FALSE,FALSE,FALSE,FALSE,null,null
Campaign,NumberOfConvertedLeads,Converted Leads in Campaign,INTEGER,0,0,0,9,null,FALSE,FALSE,FALSE,FALSE,FALSE,FALSE,FALSE,FALSE,null,null,null,,NumberOfConvertedLeads,null,Number(90),TRUE,FALSE,FALSE,FALSE,FALSE,FALSE,TRUE,TRUE,TRUE,FALSE,FALSE,FALSE,FALSE,null,null
Campaign,NumberOfContacts,Contacts in Campaign,INTEGER,0,0,0,9,null,FALSE,FALSE,FALSE,FALSE,FALSE,FALSE,FALSE,FALSE,null,null,null,,NumberOfContacts,null,Number(90),TRUE,FALSE,FALSE,FALSE,FALSE,FALSE,TRUE,TRUE,TRUE,FALSE,FALSE,FALSE,FALSE,null,null
Campaign,NumberOfResponses,Responses in Campaign,INTEGER,0,0,0,9,null,FALSE,FALSE,FALSE,FALSE,FALSE,FALSE,FALSE,FALSE,null,null,null,,NumberOfResponses,null,Number(90),TRUE,FALSE,FALSE,FALSE,FALSE,FALSE,TRUE,TRUE,TRUE,FALSE,FALSE,FALSE,FALSE,null,null
Campaign,NumberOfOpportunities,Opportunities in Campaign,INTEGER,0,0,0,9,null,FALSE,FALSE,FALSE,FALSE,FALSE,FALSE,FALSE,FALSE,null,null,null,,NumberOfOpportunities,null,Number(90),TRUE,FALSE,FALSE,FALSE,FALSE,FALSE,TRUE,TRUE,TRUE,FALSE,FALSE,FALSE,FALSE,null,null
Campaign,NumberOfWonOpportunities,Won Opportunities in Campaign,INTEGER,0,0,0,9,null,FALSE,FALSE,FALSE,FALSE,FALSE,FALSE,FALSE,FALSE,null,null,null,,NumberOfWonOpportunities,null,Number(90),TRUE,FALSE,FALSE,FALSE,FALSE,FALSE,TRUE,TRUE,TRUE,FALSE,FALSE,FALSE,FALSE,null,null
Campaign,AmountAllOpportunities,Value Opportunities in Campaign,CURRENCY,0,18,0,0,null,FALSE,FALSE,FALSE,FALSE,FALSE,FALSE,FALSE,FALSE,null,null,null,,AmountAllOpportunities,null,Currency(180),TRUE,FALSE,FALSE,FALSE,FALSE,FALSE,TRUE,TRUE,TRUE,FALSE,FALSE,FALSE,FALSE,null,null
Campaign,AmountWonOpportunities,Value Won Opportunities in Campaign,CURRENCY,0,18,0,0,null,FALSE,FALSE,FALSE,FALSE,FALSE,FALSE,FALSE,FALSE,null,null,null,,AmountWonOpportunities,null,Currency(180),TRUE,FALSE,FALSE,FALSE,FALSE,FALSE,TRUE,TRUE,TRUE,FALSE,FALSE,FALSE,FALSE,null,null
Campaign,OwnerId,Owner ID,REFERENCE,18,0,18,0,Owner,FALSE,FALSE,FALSE,FALSE,FALSE,FALSE,FALSE,FALSE,null,null,null,,OwnerId,null,Lookup(User),TRUE,FALSE,FALSE,FALSE,FALSE,TRUE,TRUE,TRUE,TRUE,FALSE,FALSE,FALSE,TRUE,null,null
Campaign,CreatedDate,Created Date,DATETIME,0,0,0,0,null,FALSE,FALSE,FALSE,FALSE,FALSE,FALSE,FALSE,FALSE,null,null,null,,CreatedDate,null,Date/Time,FALSE,FALSE,FALSE,FALSE,FALSE,FALSE,TRUE,TRUE,TRUE,FALSE,FALSE,FALSE,TRUE,null,null
Campaign,CreatedById,Created By ID,REFERENCE,18,0,18,0,CreatedBy,FALSE,FALSE,FALSE,FALSE,FALSE,FALSE,FALSE,FALSE,null,null,null,,CreatedById,null,Lookup(User),TRUE,FALSE,FALSE,FALSE,FALSE,FALSE,TRUE,TRUE,TRUE,FALSE,FALSE,FALSE,TRUE,null,null
Campaign,LastModifiedDate,Last Modified Date,DATETIME,0,0,0,0,null,FALSE,FALSE,FALSE,FALSE,FALSE,FALSE,FALSE,FALSE,null,null,null,,LastModifiedDate,null,Date/Time,FALSE,FALSE,FALSE,FALSE,FALSE,FALSE,TRUE,TRUE,TRUE,FALSE,FALSE,FALSE,TRUE,null,null
Campaign,LastModifiedById,Last Modified By ID,REFERENCE,18,0,18,0,LastModifiedBy,FALSE,FALSE,FALSE,FALSE,FALSE,FALSE,FALSE,FALSE,null,null,null,,LastModifiedById,null,Lookup(User),TRUE,FALSE,FALSE,FALSE,FALSE,FALSE,TRUE,TRUE,TRUE,FALSE,FALSE,FALSE,TRUE,null,null
Campaign,SystemModstamp,System Modstamp,DATETIME,0,0,0,0,null,FALSE,FALSE,FALSE,FALSE,FALSE,FALSE,FALSE,FALSE,null,null,null,,SystemModstamp,null,Date/Time,FALSE,FALSE,FALSE,FALSE,FALSE,TRUE,TRUE,TRUE,TRUE,FALSE,FALSE,FALSE,FALSE,null,null
Campaign,LastActivityDate,Last Activity,DATE,0,0,0,0,null,FALSE,FALSE,FALSE,FALSE,FALSE,FALSE,FALSE,FALSE,null,null,null,,LastActivityDate,null,Date,FALSE,FALSE,FALSE,FALSE,FALSE,FALSE,TRUE,TRUE,TRUE,TRUE,FALSE,FALSE,FALSE,null,null
Campaign,LastViewedDate,Last Viewed Date,DATETIME,0,0,0,0,null,FALSE,FALSE,FALSE,FALSE,FALSE,FALSE,FALSE,FALSE,null,null,null,,LastViewedDate,null,Date/Time,FALSE,FALSE,FALSE,FALSE,FALSE,FALSE,TRUE,TRUE,TRUE,TRUE,FALSE,FALSE,FALSE,null,null
Campaign,LastReferencedDate,Last Referenced Date,DATETIME,0,0,0,0,null,FALSE,FALSE,FALSE,FALSE,FALSE,FALSE,FALSE,FALSE,null,null,null,,LastReferencedDate,null,Date/Time,FALSE,FALSE,FALSE,FALSE,FALSE,FALSE,TRUE,TRUE,TRUE,TRUE,FALSE,FALSE,FALSE,null,null
Campaign,CampaignMemberRecordTypeId,Record Type ID,REFERENCE,18,0,18,0,CampaignMemberRecordType,FALSE,FALSE,FALSE,FALSE,FALSE,FALSE,FALSE,TRUE,null,null,null,,CampaignMemberRecordTypeId,null,Lookup(RecordType),TRUE,FALSE,FALSE,FALSE,FALSE,FALSE,TRUE,TRUE,TRUE,TRUE,FALSE,TRUE,TRUE,null,null
Campaign,DB_Campaign_Tactic__c,DB Campaign Tactic,PICKLIST,255,0,765,0,null,FALSE,TRUE,TRUE,FALSE,FALSE,FALSE,FALSE,FALSE,null,null,null,Print Advertisement | Email | Employment Seminars | Webinars | Public Relations | Partners | Referral Program | Other | Lunches | Direct Mail | Sales Call Down | Online Banners/Ads | Internal Website,DB_Campaign_Tactic__c,This is a field that is installed by and used with the Adoption Dashboard AppExchange package. If your org already has a similar field you can change the reports that are part of the Adoption Dashboard package to use your custom field and then delete this field.,Picklist,TRUE,FALSE,FALSE,FALSE,FALSE,FALSE,TRUE,TRUE,TRUE,TRUE,FALSE,FALSE,TRUE,2021-03-28 20:38:21,null
CampaignMember,Id,Campaign Member ID,ID,18,0,18,0,null,FALSE,FALSE,FALSE,FALSE,FALSE,FALSE,FALSE,FALSE,null,null,null,,Id,null,Lookup(),FALSE,FALSE,FALSE,FALSE,FALSE,TRUE,TRUE,TRUE,TRUE,FALSE,FALSE,FALSE,FALSE,null,null
CampaignMember,IsDeleted,Deleted,BOOLEAN,0,0,0,0,null,FALSE,FALSE,FALSE,FALSE,FALSE,FALSE,FALSE,FALSE,FALSE,null,null,,IsDeleted,null,Checkbox,FALSE,FALSE,FALSE,FALSE,FALSE,FALSE,TRUE,TRUE,TRUE,FALSE,FALSE,FALSE,FALSE,null,null
CampaignMember,CampaignId,Campaign ID,REFERENCE,18,0,18,0,Campaign,FALSE,FALSE,FALSE,FALSE,FALSE,FALSE,FALSE,FALSE,null,null,null,,CampaignId,null,Lookup(Campaign),TRUE,FALSE,FALSE,FALSE,FALSE,TRUE,TRUE,TRUE,TRUE,FALSE,FALSE,FALSE,FALSE,null,null
CampaignMember,LeadId,Lead ID,REFERENCE,18,0,18,0,Lead,FALSE,FALSE,FALSE,FALSE,FALSE,FALSE,FALSE,FALSE,null,null,null,,LeadId,null,Lookup(Lead),TRUE,FALSE,FALSE,FALSE,FALSE,TRUE,TRUE,TRUE,TRUE,TRUE,FALSE,FALSE,FALSE,null,null
CampaignMember,ContactId,Contact ID,REFERENCE,18,0,18,0,Contact,FALSE,FALSE,FALSE,FALSE,FALSE,FALSE,FALSE,FALSE,null,null,null,,ContactId,null,Lookup(Contact),TRUE,FALSE,FALSE,FALSE,FALSE,TRUE,TRUE,TRUE,TRUE,TRUE,FALSE,FALSE,FALSE,null,null
CampaignMember,Status,Status,PICKLIST,40,0,120,0,null,FALSE,FALSE,FALSE,FALSE,FALSE,FALSE,FALSE,FALSE,null,null,null,Planned | Received | Responded | Sent,Status,null,Picklist,TRUE,FALSE,FALSE,FALSE,FALSE,FALSE,TRUE,TRUE,TRUE,TRUE,FALSE,FALSE,TRUE,null,null
CampaignMember,HasResponded,Responded,BOOLEAN,0,0,0,0,null,FALSE,FALSE,FALSE,FALSE,FALSE,FALSE,FALSE,FALSE,FALSE,null,null,,HasResponded,null,Checkbox,TRUE,FALSE,FALSE,FALSE,FALSE,FALSE,TRUE,TRUE,TRUE,FALSE,FALSE,FALSE,TRUE,null,null
CampaignMember,CreatedDate,Created Date,DATETIME,0,0,0,0,null,FALSE,FALSE,FALSE,FALSE,FALSE,FALSE,FALSE,FALSE,null,null,null,,CreatedDate,null,Date/Time,TRUE,FALSE,FALSE,FALSE,FALSE,FALSE,TRUE,TRUE,TRUE,FALSE,FALSE,FALSE,TRUE,null,null
CampaignMember,CreatedById,Created By ID,REFERENCE,18,0,18,0,CreatedBy,FALSE,FALSE,FALSE,FALSE,FALSE,FALSE,FALSE,FALSE,null,null,null,,CreatedById,null,Lookup(User),TRUE,FALSE,FALSE,FALSE,FALSE,FALSE,TRUE,TRUE,TRUE,FALSE,FALSE,FALSE,TRUE,null,null
CampaignMember,LastModifiedDate,Last Modified Date,DATETIME,0,0,0,0,null,FALSE,FALSE,FALSE,FALSE,FALSE,FALSE,FALSE,FALSE,null,null,null,,LastModifiedDate,null,Date/Time,TRUE,FALSE,FALSE,FALSE,FALSE,FALSE,TRUE,TRUE,TRUE,FALSE,FALSE,FALSE,TRUE,null,null
CampaignMember,LastModifiedById,Last Modified By ID,REFERENCE,18,0,18,0,LastModifiedBy,FALSE,FALSE,FALSE,FALSE,FALSE,FALSE,FALSE,FALSE,null,null,null,,LastModifiedById,null,Lookup(User),TRUE,FALSE,FALSE,FALSE,FALSE,FALSE,TRUE,TRUE,TRUE,FALSE,FALSE,FALSE,TRUE,null,null
CampaignMember,SystemModstamp,System Modstamp,DATETIME,0,0,0,0,null,FALSE,FALSE,FALSE,FALSE,FALSE,FALSE,FALSE,FALSE,null,null,null,,SystemModstamp,null,Date/Time,FALSE,FALSE,FALSE,FALSE,FALSE,TRUE,TRUE,TRUE,TRUE,FALSE,FALSE,FALSE,FALSE,null,null
CampaignMember,FirstRespondedDate,First Responded Date,DATE,0,0,0,0,null,FALSE,FALSE,FALSE,FALSE,FALSE,FALSE,FALSE,FALSE,null,null,null,,FirstRespondedDate,null,Date,TRUE,FALSE,FALSE,FALSE,FALSE,FALSE,TRUE,TRUE,TRUE,TRUE,FALSE,FALSE,TRUE,null,null
CampaignMember,Salutation,Salutation,PICKLIST,255,0,765,0,null,FALSE,FALSE,FALSE,FALSE,FALSE,FALSE,FALSE,FALSE,null,null,null,Mr. | Ms. | Mrs. | Dr. | Prof.,Salutation,null,Picklist,TRUE,FALSE,FALSE,FALSE,FALSE,FALSE,TRUE,TRUE,TRUE,TRUE,FALSE,FALSE,TRUE,null,null
CampaignMember,Name,Name,STRING,255,0,765,0,null,FALSE,FALSE,FALSE,FALSE,FALSE,FALSE,FALSE,FALSE,null,null,null,,Name,null,Text(255),FALSE,FALSE,FALSE,FALSE,FALSE,FALSE,TRUE,TRUE,TRUE,TRUE,FALSE,FALSE,TRUE,null,null
CampaignMember,FirstName,First Name,STRING,40,0,120,0,null,FALSE,FALSE,FALSE,FALSE,FALSE,FALSE,FALSE,FALSE,null,null,null,,FirstName,null,Text(40),TRUE,FALSE,FALSE,FALSE,FALSE,FALSE,TRUE,TRUE,TRUE,TRUE,FALSE,FALSE,TRUE,null,null
CampaignMember,LastName,Last Name,STRING,80,0,240,0,null,FALSE,FALSE,FALSE,FALSE,FALSE,FALSE,FALSE,FALSE,null,null,null,,LastName,null,Text(80),TRUE,FALSE,FALSE,FALSE,FALSE,FALSE,TRUE,TRUE,TRUE,TRUE,FALSE,FALSE,TRUE,null,null
CampaignMember,Title,Title,STRING,128,0,384,0,null,FALSE,FALSE,FALSE,FALSE,FALSE,FALSE,FALSE,FALSE,null,null,null,,Title,null,Text(128),TRUE,FALSE,FALSE,FALSE,FALSE,FALSE,TRUE,TRUE,TRUE,TRUE,FALSE,FALSE,TRUE,null,null
CampaignMember,Street,Street,STRING,255,0,765,0,null,FALSE,FALSE,FALSE,FALSE,FALSE,FALSE,FALSE,FALSE,null,null,null,,Street,null,Text(255),TRUE,FALSE,FALSE,FALSE,FALSE,FALSE,TRUE,TRUE,TRUE,TRUE,FALSE,FALSE,TRUE,null,null
CampaignMember,City,City,STRING,40,0,120,0,null,FALSE,FALSE,FALSE,FALSE,FALSE,FALSE,FALSE,FALSE,null,null,null,,City,null,Text(40),TRUE,FALSE,FALSE,FALSE,FALSE,FALSE,TRUE,TRUE,TRUE,TRUE,FALSE,FALSE,TRUE,null,null
CampaignMember,State,State/Province,STRING,80,0,240,0,null,FALSE,FALSE,FALSE,FALSE,FALSE,FALSE,FALSE,FALSE,null,null,null,,State,null,Text(80),TRUE,FALSE,FALSE,FALSE,FALSE,FALSE,TRUE,TRUE,TRUE,TRUE,FALSE,FALSE,TRUE,null,null
CampaignMember,PostalCode,Zip/Postal Code,STRING,20,0,60,0,null,FALSE,FALSE,FALSE,FALSE,FALSE,FALSE,FALSE,FALSE,null,null,null,,PostalCode,null,Text(20),TRUE,FALSE,FALSE,FALSE,FALSE,FALSE,TRUE,TRUE,TRUE,TRUE,FALSE,FALSE,TRUE,null,null
CampaignMember,Country,Country,STRING,80,0,240,0,null,FALSE,FALSE,FALSE,FALSE,FALSE,FALSE,FALSE,FALSE,null,null,null,,Country,null,Text(80),TRUE,FALSE,FALSE,FALSE,FALSE,FALSE,TRUE,TRUE,TRUE,TRUE,FALSE,FALSE,TRUE,null,null
CampaignMember,Email,Email,EMAIL,80,0,240,0,null,FALSE,FALSE,FALSE,FALSE,FALSE,FALSE,FALSE,FALSE,null,null,null,,Email,null,Email,TRUE,FALSE,FALSE,FALSE,FALSE,FALSE,TRUE,TRUE,TRUE,TRUE,FALSE,FALSE,TRUE,null,null
CampaignMember,Phone,Phone,PHONE,40,0,120,0,null,FALSE,FALSE,FALSE,FALSE,FALSE,FALSE,FALSE,FALSE,null,null,null,,Phone,null,Phone,TRUE,FALSE,FALSE,FALSE,FALSE,FALSE,TRUE,TRUE,TRUE,TRUE,FALSE,FALSE,TRUE,null,null
CampaignMember,Fax,Fax,PHONE,40,0,120,0,null,FALSE,FALSE,FALSE,FALSE,FALSE,FALSE,FALSE,FALSE,null,null,null,,Fax,null,Fax,TRUE,FALSE,FALSE,FALSE,FALSE,FALSE,TRUE,TRUE,TRUE,TRUE,FALSE,FALSE,TRUE,null,null
CampaignMember,MobilePhone,Mobile,PHONE,40,0,120,0,null,FALSE,FALSE,FALSE,FALSE,FALSE,FALSE,FALSE,FALSE,null,null,null,,MobilePhone,null,Phone,TRUE,FALSE,FALSE,FALSE,FALSE,FALSE,TRUE,TRUE,TRUE,TRUE,FALSE,FALSE,TRUE,null,null
CampaignMember,Description,Description,TEXTAREA,32000,0,96000,0,null,FALSE,FALSE,FALSE,FALSE,FALSE,FALSE,FALSE,FALSE,null,null,null,,Description,null,LongTextArea(32000),FALSE,FALSE,FALSE,FALSE,FALSE,FALSE,FALSE,TRUE,TRUE,TRUE,FALSE,FALSE,TRUE,null,null
CampaignMember,DoNotCall,Do Not Call,BOOLEAN,0,0,0,0,null,FALSE,FALSE,FALSE,FALSE,FALSE,FALSE,FALSE,FALSE,FALSE,null,null,,DoNotCall,null,Checkbox,TRUE,FALSE,FALSE,FALSE,FALSE,FALSE,TRUE,TRUE,TRUE,FALSE,FALSE,FALSE,TRUE,null,null
CampaignMember,HasOptedOutOfEmail,Email Opt Out,BOOLEAN,0,0,0,0,null,FALSE,FALSE,FALSE,FALSE,FALSE,FALSE,FALSE,FALSE,FALSE,null,null,,HasOptedOutOfEmail,null,Checkbox,TRUE,FALSE,FALSE,FALSE,FALSE,FALSE,TRUE,TRUE,TRUE,FALSE,FALSE,FALSE,TRUE,null,null
CampaignMember,HasOptedOutOfFax,Fax Opt Out,BOOLEAN,0,0,0,0,null,FALSE,FALSE,FALSE,FALSE,FALSE,FALSE,FALSE,FALSE,FALSE,null,null,,HasOptedOutOfFax,null,Checkbox,TRUE,FALSE,FALSE,FALSE,FALSE,FALSE,TRUE,TRUE,TRUE,FALSE,FALSE,FALSE,TRUE,null,null
CampaignMember,LeadSource,Lead Source,PICKLIST,255,0,765,0,null,FALSE,FALSE,FALSE,FALSE,FALSE,FALSE,FALSE,FALSE,null,null,null,Web | Phone Inquiry | Partner Referral | Purchased List | Other,LeadSource,null,Picklist,TRUE,FALSE,FALSE,FALSE,FALSE,FALSE,TRUE,TRUE,TRUE,TRUE,FALSE,FALSE,TRUE,null,null
CampaignMember,CompanyOrAccount,Company (Account),STRING,255,0,765,0,null,FALSE,FALSE,FALSE,FALSE,FALSE,FALSE,FALSE,FALSE,null,null,null,,CompanyOrAccount,null,Text(255),TRUE,FALSE,FALSE,FALSE,FALSE,FALSE,TRUE,TRUE,TRUE,TRUE,FALSE,FALSE,TRUE,null,null
CampaignMember,Type,Type,STRING,40,0,120,0,null,FALSE,FALSE,FALSE,FALSE,FALSE,FALSE,FALSE,FALSE,null,null,null,,Type,null,Text(40),FALSE,FALSE,FALSE,FALSE,FALSE,FALSE,TRUE,TRUE,TRUE,TRUE,FALSE,FALSE,TRUE,null,null
CampaignMember,LeadOrContactId,Related Record ID,REFERENCE,18,0,18,0,null,FALSE,FALSE,FALSE,FALSE,FALSE,FALSE,FALSE,FALSE,null,null,null,,LeadOrContactId,null,Lookup(LeadContactAccount),FALSE,FALSE,FALSE,FALSE,FALSE,FALSE,TRUE,TRUE,TRUE,TRUE,TRUE,FALSE,TRUE,null,null
CampaignMember,LeadOrContactOwnerId,Related Record Owner ID,REFERENCE,18,0,18,0,LeadOrContactOwner,FALSE,FALSE,FALSE,FALSE,FALSE,FALSE,FALSE,FALSE,null,null,null,,LeadOrContactOwnerId,null,Lookup(UserGroup),FALSE,FALSE,FALSE,FALSE,FALSE,FALSE,TRUE,TRUE,TRUE,TRUE,TRUE,FALSE,TRUE,null,null